id,name,ace,df,1stWon,2ndWon,bpSaved,bpLost,matches,Y1,Y2,Y3,Y4,Y5,Y6
105992,Ryan Harrison,0.1090449954086317,0.0413223140495867,0.7461715160796325,0.5814552479072762,0.6525679758308157,0.3924914675767917,55,-1.4599456027168007,0.4218701831087703,,,,
104919,Leonardo Mayer,0.0810523518469306,0.0498272654796704,0.7370288248337029,0.6038022813688213,0.6076642335766423,0.3677932405566601,89,-0.8142336264877363,0.4979408128789001,,,,
111577,Jared Donaldson,0.0659567159051872,0.0577121264170388,0.7266666666666667,0.5850891410048622,0.576271186440678,0.4025974025974026,36,-0.4006938728246685,0.4569333437983985,,,,
111442,Jordan Thompson,0.0682800345721694,0.0247767214059348,0.6999561979851073,0.5302961275626423,0.6020066889632107,0.3826086956521739,83,-0.6173034375912333,-0.5364701757062135,,,,
104797,Denis Istomin,0.0680009645526887,0.0212201591511936,0.7173601147776184,0.5410358565737052,0.6268656716417911,0.3482758620689655,52,-0.8520322240601224,-0.5089676831150117,,,,
106000,Damir Dzumhur,0.0322884434279564,0.0369971747612,0.6496504977758949,0.5388773388773389,0.5597964376590331,0.3821478382147838,101,0.4471500100747582,-0.608562003113225,,,,
200282,Alex De Minaur,0.0497780296590157,0.0330594124870123,0.7145510835913312,0.5814755838641189,0.6203143893591294,0.4042105263157894,132,-0.4616583613405449,-0.4832903631398529,,,,
105449,Steve Johnson,0.085322560900967,0.0368466152527849,0.7396116099394445,0.5749754982032016,0.6513911620294599,0.3770197486535008,100,-1.1628467274288043,0.0866220200656069,,,,
111581,Michael Mmoh,0.0587612493382742,0.0476442562202223,0.6864608076009501,0.5318352059925093,0.5666666666666667,0.4195804195804196,21,-0.0983948051936144,-0.0822437265588632,,,,
105643,Federico Delbonis,0.0418722684336669,0.0483575355984773,0.679862700228833,0.5696842105263158,0.6081871345029239,0.382258064516129,84,0.0487933565458378,-0.1280691469985311,,,,
104999,Mischa Zverev,0.0716424294268605,0.0350727117194183,0.7049700387733522,0.5404919016196761,0.5844444444444444,0.3444730077120822,66,-0.5465265528867085,-0.0572549209098415,,,,
105441,John Patrick Smith,0.0779220779220779,0.0077922077922077,0.620817843866171,0.6019417475728155,0.4285714285714285,0.375,5,0.4073217912280982,-0.903682296112168,,,,
105238,Alexandr Dolgopolov,0.0979689366786141,0.053763440860215,0.7290748898678414,0.541033434650456,0.5833333333333334,0.4492753623188406,10,-0.8953121195244761,0.4804970889465185,,,,
106043,Diego Schwartzman,0.0273743441563379,0.0378678427496007,0.6686761514347721,0.5585730724971232,0.5760257441673371,0.4319526627218935,165,0.328529875874278,-0.7364366250592678,,,,
104547,Horacio Zeballos,0.0719131614654002,0.0330167345092718,0.7179856115107913,0.578167115902965,0.6787564766839378,0.4358974358974359,25,-0.9578878292133288,-0.3995441001026899,,,,
124014,Ernesto Escobedo,0.1186721991701244,0.0464730290456431,0.7615499254843517,0.6332622601279317,0.6144578313253012,0.2539682539682539,14,-1.4763421481489645,1.1891196929334036,,,,
105051,Matthew Ebden,0.0909998004390341,0.0682498503292756,0.7241265655899802,0.5640711220110362,0.5833333333333334,0.4285714285714286,62,-0.6414692888083288,0.9026572059528758,,,,
126207,Frances Tiafoe,0.0772377520210382,0.0303886237459822,0.7090853000154249,0.5642877780988154,0.6113074204946997,0.37997432605905,120,-0.7528239577658167,-0.2365252034668882,,,,
111202,Hyeon Chung,0.0509190788083667,0.0346503274878512,0.7040748162992652,0.5666879387364391,0.5786802030456852,0.4417040358744395,61,-0.251021554565381,-0.5449756438689884,,,,
104180,Gilles Muller,0.1666666666666666,0.0531746031746031,0.7865459249676585,0.5550181378476421,0.6507936507936508,0.2699386503067484,28,-2.3846512773083925,1.773197840120362,,,,
106378,Kyle Edmund,0.0789386401326699,0.029519071310116,0.7366030881017257,0.5685793188094508,0.6268656716417911,0.382051282051282,116,-1.0409950255454543,-0.1983347795399899,,,,
133430,Denis Shapovalov,0.0986882245271507,0.0629957291031116,0.7580080404616781,0.6072368421052632,0.6550348953140578,0.381578947368421,161,-1.244583489073558,1.0268825996049027,,,,
105357,John Millman,0.0547323858482007,0.024896683802036,0.696106048053024,0.5673817381738174,0.626984126984127,0.4044032444959443,118,-0.4783758686793644,-0.7286676453308472,,,,
105166,Peter Polansky,0.0509325681492109,0.0351506456241033,0.6982323232323232,0.5407407407407407,0.6060606060606061,0.282051282051282,17,-0.3222706196572629,-0.0995796755105226,,,,
105870,Yannick Hanfmann,0.0491251682368775,0.0296096904441453,0.7053191489361702,0.5555555555555556,0.5982905982905983,0.3383458646616541,19,-0.3572822117357964,-0.415663300031581,,,,
105683,Milos Raonic,0.2373336446416063,0.049848237216904,0.8316354880533432,0.657393850658858,0.6850828729281768,0.3539156626506023,120,-3.6272890190620606,2.2753611314425144,,,,
106401,Nick Kyrgios,0.2138696255201109,0.0446601941747572,0.7914572864321608,0.6065808297567954,0.6737967914438503,0.4263157894736842,85,-3.0843745026347245,1.5527862295876993,,,,
105777,Grigor Dimitrov,0.0750193348801237,0.0518174787316318,0.7350069735006973,0.5722855428914218,0.6354916067146283,0.4011111111111111,117,-0.8353043323395399,0.3454218957244823,,,,
106432,Borna Coric,0.0810468169881372,0.026260979806212,0.7349672271302365,0.5778435063189029,0.6350184956843403,0.4144050104384134,138,-1.098571491225085,-0.3721145164919458,,,,
105807,Pablo Carreno Busta,0.0512186506534793,0.0226951607205934,0.6920547224414628,0.5633516961438098,0.644927536231884,0.398876404494382,137,-0.488254077323461,-0.8353285793401962,,,,
105932,Nikoloz Basilashvili,0.0561776428164737,0.0631049535016132,0.6856154226396441,0.5869965780468545,0.5998013902681232,0.3752783964365256,126,-0.0074038519547421,0.4943392752767075,,,,
105341,Thomas Fabbiano,0.0231008440693025,0.0339848956019546,0.6592844974446337,0.5671641791044776,0.6022727272727273,0.3917808219178081,49,0.3376778982218137,-0.8017367405837276,,,,
126094,Andrey Rublev,0.0885306553911205,0.0408738548273432,0.7561732958746119,0.5544770686726522,0.6287625418060201,0.3953680727874276,151,-1.2365033848918998,0.21536192406498,,,,
105649,Cedrik Marcel Stebe,0.049781181619256,0.0410284463894967,0.6717081850533808,0.5539452495974235,0.5473684210526316,0.3271604938271605,24,0.1561660667495726,-0.0830677830266618,,,,
104269,Fernando Verdasco,0.0863060989643268,0.0467011891062524,0.7177950868783702,0.5669024915410643,0.6328555678059536,0.377,127,-0.8737632827912833,0.3408489998459402,,,,
104534,Dudi Sela,0.0363901018922852,0.0509461426491994,0.6606060606060606,0.5303030303030303,0.5170068027210885,0.4242424242424242,18,0.5635412572529453,-0.2435534761285238,,,,
105550,Guido Pella,0.0651410122495489,0.0259234640584939,0.6964207450693937,0.5681951793062904,0.6127292340884574,0.3770161290322581,126,-0.5473388131630841,-0.5018671664697061,,,,
105077,Albert Ramos,0.0405794123690158,0.0310252722416272,0.6825186412593206,0.5661547548730065,0.6130820399113082,0.4074534161490682,126,-0.1104333329589118,-0.7204486935248249,,,,
105882,Stefano Travaglia,0.0984346779048765,0.0406381697772426,0.7537354731599336,0.5344952795933188,0.5939849624060151,0.3957446808510638,38,-1.2351634977617592,0.3081051187626866,,,,
106325,Jabor Al Mutawa,0.0,0.04,0.475,2.6666666666666665,0.4444444444444444,0.0,1,4.482174703326647,1.7412884843910812,,,,
105806,Mirza Basic,0.0730741540676745,0.0248380129589632,0.6958105646630237,0.5463137996219282,0.570281124497992,0.3756613756613757,38,-0.5181861020583495,-0.4399664044502516,,,,
104890,Andreas Haider Maurer,0.0694006309148265,0.0536277602523659,0.6384180790960452,0.4388185654008439,0.4761904761904761,0.4848484848484848,9,0.4210084364592792,-0.1185236625610689,,,,
103852,Feliciano Lopez,0.1489714206820378,0.0455612315338948,0.773508353221957,0.5519024750646472,0.6624548736462094,0.3168103448275862,89,-2.175023794614308,1.1965085516353022,,,,
104198,Guillermo Garcia Lopez,0.0464068483892768,0.0504618157242622,0.7053103964098728,0.5697445972495089,0.5950617283950618,0.3537604456824512,55,-0.1389675612346204,0.129458264346909,,,,
105376,Peter Gojowczyk,0.0874590035920662,0.0470092144307355,0.7387696709585122,0.5381649961449498,0.5877034358047016,0.3625498007968127,83,-0.915195710041787,0.4600444835894427,,,,
105936,Filip Krajinovic,0.0594381239842117,0.021708846064546,0.6899391335481561,0.548728813559322,0.6294416243654822,0.4059171597633136,108,-0.5371133751739117,-0.8098524497859724,,,,
126610,Matteo Berrettini,0.107889344262295,0.0265368852459016,0.7744772651842018,0.5843704775687409,0.6640253565768621,0.3443456162642948,121,-1.8155921702336264,0.1841448305185919,,,,
104678,Viktor Troicki,0.0974051896207584,0.0391217564870259,0.7127139364303179,0.5237467018469657,0.618421052631579,0.3604651162790697,31,-1.0147102804020145,0.2445243013930459,,,,
104792,Gael Monfils,0.0869691119691119,0.0505791505791505,0.7159124087591241,0.5859401278170199,0.6135508155583438,0.426919032597266,131,-0.7527582908432036,0.3335207125995591,,,,
103893,Paolo Lorenzi,0.0539419087136929,0.0360477178423236,0.7142857142857143,0.5290412876137159,0.6210826210826211,0.3381294964028777,42,-0.5361928749795496,-0.1988457024120153,,,,
105526,Jan Lennard Struff,0.1308213751210493,0.041464917686416,0.7772004408754527,0.5573262505533422,0.6177558569667078,0.397563676633444,142,-1.857643888272864,0.6985502604182875,,,,
104607,Tomas Berdych,0.0900136798905608,0.026812585499316,0.7589079130032392,0.5385174418604651,0.6357142857142857,0.4031746031746032,45,-1.422486718454795,-0.2134475740690441,,,,
104755,Richard Gasquet,0.0754671777671298,0.0334211787254432,0.720398593200469,0.5539714867617108,0.6031518624641834,0.3978494623655914,114,-0.7755976796839308,-0.1978310138285705,,,,
103607,Victor Estrella,0.0424242424242424,0.0409090909090909,0.6170212765957447,0.5049019607843137,0.4938271604938271,0.3333333333333333,10,0.8045405139253338,-0.2996253193811318,,,,
126774,Stefanos Tsitsipas,0.0867858980957282,0.0287570766855378,0.7592977353002286,0.5906840271410233,0.6435845213849287,0.3840749414519906,196,-1.3529580543541353,-0.0933812942177433,,,,
104252,Florian Mayer,0.0468509984639016,0.0268817204301075,0.6545924967658473,0.5317796610169492,0.6086956521739131,0.3428571428571428,17,-0.0194345111252186,-0.6692250881083734,,,,
105379,Aljaz Bedene,0.1050898961762471,0.0345657128386933,0.7400265957446809,0.5346662366978394,0.6210995542347697,0.37442218798151,98,-1.3507259327005254,0.2127538592850512,,,,
104291,Malek Jaziri,0.0430613352632531,0.0398045956214944,0.6940472231459927,0.5293088363954506,0.603290676416819,0.3994845360824742,71,-0.1592691111416231,-0.4146862271465744,,,,
106233,Dominic Thiem,0.0755180892167193,0.0345626975763962,0.7452351415360324,0.588610197368421,0.642051282051282,0.4124542124542124,176,-1.0616790390745223,-0.1534972028871958,,,,
105539,Evgeny Donskoy,0.0540470649081975,0.0276700284458236,0.6840085287846482,0.5281539558089807,0.631578947368421,0.3765690376569037,50,-0.4070089248262651,-0.6322531110900154,,,,
106329,Thiago Monteiro,0.0655115119867078,0.0256349394730595,0.7246800731261426,0.5581051073279053,0.6167664670658682,0.402027027027027,55,-0.7933864548103852,-0.5312712931293323,,,,
105074,Ruben Bemelmans,0.0604081632653061,0.0322448979591836,0.6827586206896552,0.5479632063074902,0.5971563981042654,0.3503184713375796,26,-0.301294425400277,-0.3194946395271506,,,,
111513,Laslo Djere,0.0647388302722417,0.0425947635795232,0.7071475124918531,0.5574670571010248,0.5967741935483871,0.3699059561128527,94,-0.449749894003619,0.0256117112916016,,,,
105657,Marius Copil,0.1429095578792882,0.0381581361218125,0.7634578847371755,0.5769044153323629,0.6231527093596059,0.3532934131736527,68,-1.924124486861488,0.8376213709428685,,,,
105062,Mikhail Kukushkin,0.0335799658508821,0.0159362549800796,0.6596082583377448,0.5502699055330634,0.6217183770883055,0.3925233644859813,107,-0.0124359232182264,-1.2512122113188202,,,,
105430,Radu Albot,0.0352,0.0368,0.6614201395099266,0.5708717221828491,0.5729794933655006,0.3686746987951808,112,0.3031770419183998,-0.5023300492619779,,,,
105916,Marton Fucsovics,0.051429706115965,0.0404090548054011,0.6958340596130381,0.5538853503184713,0.6004162330905307,0.3869441816461684,124,-0.2365812965137185,-0.2508614870131302,,,,
106044,Nicolas Kicker,0.0299600532623169,0.0326231691078561,0.6663201663201663,0.5311203319502075,0.5510204081632653,0.4453125,20,0.3374334783885453,-0.9132302362861928,,,,
111797,Nicolas Jarry,0.1070516096065406,0.0327031170158405,0.727107704719645,0.5770857362552865,0.6301369863013698,0.3884462151394422,93,-1.2830058725777471,0.1349866380144694,,,,
104665,Pablo Andujar,0.0188393243828497,0.0409268081420528,0.6564499831593129,0.5421270718232044,0.5357142857142857,0.3954022988505747,63,0.6726655958851026,-0.6323720996321051,,,,
104898,Robin Haase,0.084220956155561,0.0361654694079762,0.7288784847839966,0.5381107491856677,0.6141618497109826,0.3908794788273615,91,-0.97623794631793,-0.0129628273046102,,,,
104882,Blaz Kavcic,0.0543337645536869,0.0310478654592496,0.6688741721854304,0.5627240143369175,0.5882352941176471,0.3275862068965517,11,-0.087765134697798,-0.3573160615663058,,,,
106120,Ricardo Ojeda Lara,0.0173697270471464,0.009925558312655,0.6014492753623188,0.5752212389380531,0.575,0.5,6,0.7658773794208225,-1.98556595948378,,,,
106210,Jiri Vesely,0.1064883605745418,0.0424302459963678,0.7296960637767813,0.5730337078651685,0.6445396145610278,0.3530612244897959,73,-1.2745728647055443,0.5110454987857724,,,,
125802,Ilya Ivashka,0.077716098334655,0.0475812846946867,0.7257993867717915,0.5266362252663622,0.5953757225433526,0.3343373493975904,50,-0.7320692588402422,0.4229311456283843,,,,
111576,Sumit Nagal,0.0146666666666666,0.0453333333333333,0.6053169734151329,0.4837209302325581,0.52,0.3013698630136986,10,1.1503000184555336,-0.4091610134380103,,,,
104468,Gilles Simon,0.0532323038557452,0.0320352963744484,0.6986323155216285,0.5444005270092227,0.6008359456635318,0.4045368620037807,135,-0.3542329559720639,-0.5311854604393653,,,,
105815,Tennys Sandgren,0.1047961939051047,0.0313745660280313,0.7383745286971093,0.5420765027322404,0.6282467532467533,0.3695652173913043,87,-1.377550726808397,0.1292990184636322,,,,
105732,Pierre Hugues Herbert,0.0872973831973726,0.0429070876152134,0.7261280167890871,0.5642424242424242,0.6391752577319587,0.3981623277182236,111,-1.002973673244127,0.1880619147236244,,,,
106065,Marco Cecchinato,0.0607292150487691,0.0310032512772875,0.6888733868154866,0.5469953775038521,0.5774058577405857,0.3609022556390977,106,-0.2939390404005657,-0.3576848767078803,,,,
106026,Yuki Bhambri,0.0204255319148936,0.0459574468085106,0.6120576671035387,0.5423728813559322,0.5384615384615384,0.4380952380952381,14,1.0243516347468875,-0.699808804196076,,,,
111459,Arjun Kadhe,0.0627802690582959,0.0358744394618834,0.6275862068965518,0.6551724137931034,0.6666666666666666,0.6,3,-0.0211861472195686,-1.0322229509544856,,,,
106368,Ramkumar Ramanathan,0.1047353760445682,0.0534818941504178,0.724169741697417,0.5749588138385503,0.5925925925925926,0.2887323943661971,23,-0.9444692076451338,1.0358736473230683,,,,
106148,Roberto Carballes Baena,0.0340125861552292,0.041054839676356,0.6746616005699358,0.5558107487367937,0.5886850152905199,0.4300699300699301,84,0.1817079701065495,-0.5710326735656516,,,,
104731,Kevin Anderson,0.1775943929459642,0.0327831788378928,0.7879267863428371,0.5815331010452962,0.6568627450980392,0.358814352574103,102,-2.680463107647608,1.0399468859528138,,,,
105332,Benoit Paire,0.1127857322280834,0.0731809428116888,0.7663401316845994,0.5315822388993121,0.5957446808510638,0.3918669131238447,141,-1.259476724415671,1.429199923848926,,,,
105138,Roberto Bautista Agut,0.0445658669854008,0.0234781866302399,0.7105366235801018,0.5868295273499734,0.6222466960352423,0.4104046242774566,146,-0.4448234131449967,-0.8371705971618107,,,,
105227,Marin Cilic,0.1149365327769083,0.0423404625282559,0.7820833947252099,0.5755924170616113,0.6612702366127023,0.3606089438629876,134,-1.8335460998079327,0.6741904640688445,,,,
104297,Rogerio Dutra Silva,0.0278853601859024,0.0395042602633617,0.6836363636363636,0.5588235294117647,0.5873015873015873,0.3921568627450981,18,0.1810907707335742,-0.5381551329979791,,,,
111575,Karen Khachanov,0.1000300390507659,0.0313908080504656,0.7417187315808087,0.5708768741481145,0.6360792492179353,0.4067796610169492,160,-1.3472622751040255,-0.0048844750845842,,,,
105216,Yuichi Sugita,0.0500481231953801,0.0351299326275264,0.6944556859571024,0.5386631716906947,0.599502487562189,0.3689655172413792,49,-0.2610363473499629,-0.3777824090397269,,,,
104655,Pablo Cuevas,0.0745143149284253,0.0396216768916155,0.7331905781584582,0.5803602967149417,0.5989932885906041,0.4033232628398792,102,-0.7762673099883118,0.0085543539860355,,,,
106121,Taro Daniel,0.0485750134432694,0.0399713210252733,0.6658871674948845,0.5537662337662338,0.5855379188712522,0.3821656050955414,71,0.0751777508973672,-0.3325875580589901,,,,
105311,Joao Sousa,0.0558859721082854,0.0258408531583264,0.7084313066845818,0.534844192634561,0.5729537366548043,0.3596287703016241,120,-0.4215025098881919,-0.5148443150224704,,,,
105385,Donald Young,0.0365335598980458,0.060322854715378,0.6294200848656294,0.5777202072538861,0.5460992907801419,0.3146067415730337,17,0.8138002182793019,0.3113323169957703,,,,
103970,David Ferrer,0.0234325522482583,0.0474984167194426,0.6527563111798043,0.5652173913043478,0.5587301587301587,0.3892215568862275,41,0.6377922206843453,-0.3836365699507058,,,,
200059,Yibing Wu,0.0590111642743221,0.036682615629984,0.6910112359550562,0.5155555555555555,0.589041095890411,0.3571428571428571,9,-0.314057206051228,-0.2275185756559016,,,,
105030,Michael Venus,0.0802139037433155,0.0641711229946524,0.7032967032967034,0.582089552238806,0.4814814814814814,0.3076923076923077,3,-0.0168740900108074,1.0861228031338654,,,,
132482,Liam Caruana,0.0843373493975903,0.036144578313253,0.7320261437908496,0.4714285714285714,0.56,0.2727272727272727,4,-0.8748095679497004,0.3374059068404194,,,,
105041,Lukas Lacko,0.0978846951472418,0.0381584404811281,0.7338129496402878,0.5533553355335533,0.5804878048780487,0.3404255319148936,31,-1.0321418997305625,0.3795640286517028,,,,
134770,Casper Ruud,0.0533691115086463,0.0329457364341085,0.7032418952618454,0.5858732462506048,0.6247619047619047,0.3969594594594594,89,-0.4303028089904827,-0.4537607555268357,,,,
105065,Tim Smyczek,0.0596133190118152,0.0365198711063372,0.6734333627537511,0.5461538461538461,0.6713615023474179,0.364963503649635,22,-0.4457575922197825,-0.3226367220314099,,,,
105223,Juan Martin del Potro,0.1203363110877561,0.024697845507094,0.7688590604026846,0.5632808256382401,0.6274509803921569,0.3876871880199667,74,-1.8269517387422969,0.1184961976594248,,,,
104545,John Isner,0.2465379008746355,0.0256013119533527,0.8059720785935884,0.6225839267548321,0.720763723150358,0.2830820770519263,122,-3.883993720803944,1.767300324478451,,,,
105023,Sam Querrey,0.1882455268389662,0.0456013916500994,0.8116032439176544,0.5595945473610625,0.6112359550561798,0.3611584327086882,96,-2.7511278683580067,1.5763698695339414,,,,
106058,Jack Sock,0.0745238752415125,0.0496825834943417,0.7158225011205738,0.5869565217391305,0.598705501618123,0.3675889328063241,41,-0.5586743761893047,0.3761553707093704,,,,
200615,Alexei Popyrin,0.0968858131487889,0.0487090763907372,0.7316644707949056,0.5775526110678099,0.6459627329192547,0.3376623376623376,43,-1.1273304496254088,0.6523363752966812,,,,
126846,Aleksandar Vukic,0.164021164021164,0.0264550264550264,0.7475728155339806,0.4923076923076923,0.6190476190476191,0.125,2,-2.2088600911225726,1.297679578555157,,,,
105173,Adrian Mannarino,0.0648257129923042,0.032231779085559,0.7001488095238095,0.555415299166877,0.5963302752293578,0.423728813559322,140,-0.4772032983575853,-0.4541026027077043,,,,
105575,Ricardas Berankis,0.049596536114938,0.0371974020862035,0.6976513397287463,0.5580645161290323,0.5773672055427251,0.3821989528795811,60,-0.1699895524991733,-0.3238508965416621,,,,
106109,Alex Bolt,0.0911367050575863,0.0320480721081622,0.7048903878583473,0.5584594222833562,0.5989304812834224,0.3541666666666666,21,-0.8363847845430041,0.0215414425881782,,,,
106421,Daniil Medvedev,0.1094552929085303,0.0441198061958596,0.7556712532539978,0.5978964401294499,0.6217070600632244,0.4157706093189964,183,-1.3941465257013606,0.4926989110288896,,,,
104259,Philipp Kohlschreiber,0.0621412528075867,0.0222111305215872,0.7021796699938888,0.5894448252227553,0.6362252663622526,0.3792569659442725,101,-0.6469971217433679,-0.6327263829950444,,,,
104926,Fabio Fognini,0.0492302339740802,0.0448812733756632,0.6867020513556161,0.5651738804103077,0.5801526717557252,0.4397098821396192,139,-0.0247122403749038,-0.2993152977419012,,,,
104745,Rafael Nadal,0.0534454693434617,0.0260444926749864,0.7432074683015187,0.6390746934225195,0.6887905604719764,0.4589442815249267,151,-0.9651729774677268,-0.7557196178660538,,,,
105583,Dusan Lajovic,0.0458608628060629,0.0205013602798289,0.6777471331107563,0.5607830754657405,0.60412147505423,0.407744874715262,126,-0.1923052748688373,-0.9830782616774504,,,,
111460,Quentin Halys,0.1173416407061266,0.087227414330218,0.7473498233215548,0.5614035087719298,0.5517241379310345,0.3452380952380952,8,-0.8807289885418308,2.036621637735479,,,,
106186,Jason Kubler,0.0608695652173913,0.0695652173913043,0.6713286713286714,0.5869565217391305,0.5633802816901409,0.4166666666666666,6,0.2229024030598901,0.596876342336597,,,,
106099,Salvatore Caruso,0.0400521002930641,0.0345164441549983,0.6601413811854269,0.5539170506912442,0.6018808777429467,0.3834586466165414,36,0.1222278528328615,-0.602803652275997,,,,
104022,Mikhail Youzhny,0.0429292929292929,0.0484848484848484,0.6762225969645869,0.5794117647058824,0.5803108808290155,0.3450292397660819,25,0.1699124204780659,0.0186702445511111,,,,
104460,Dustin Brown,0.0915915915915916,0.063063063063063,0.7090464547677262,0.7120418848167539,0.7222222222222222,0.3666666666666667,7,-0.9237167197564372,0.9334160318219838,,,,
105577,Vasek Pospisil,0.1138070479491623,0.0417870209897939,0.7617675312199808,0.5539647577092511,0.6709511568123393,0.3680781758957655,61,-1.721250033587766,0.5552134352401729,,,,
110602,Dennis Novak,0.0573099415204678,0.0298245614035087,0.6785875961973744,0.5697247706422018,0.5656565656565656,0.4063604240282685,40,-0.1219226224060495,-0.5592379428092928,,,,
111456,Mackenzie McDonald,0.0539284992930721,0.0343364976772369,0.68486194858775,0.5640866873065016,0.6058558558558559,0.4264705882352941,56,-0.2387494596521204,-0.5420476750693669,,,,
111200,Elias Ymer,0.0534608891389983,0.0388294879009566,0.6825251601097896,0.5230769230769231,0.5683060109289617,0.3333333333333333,23,-0.0877388888908554,-0.1454759369605489,,,,
104571,Marcos Baghdatis,0.1104338472570813,0.045177482968806,0.7493589743589744,0.5408631772268135,0.5872340425531914,0.371841155234657,36,-1.2809300081300166,0.6307030348405946,,,,
104542,Jo-Wilfried Tsonga,0.1369444974251382,0.030898340644669,0.7960526315789473,0.5714285714285714,0.6757575757575758,0.376770538243626,66,-2.3460809116923773,0.526953185811555,,,,
110536,Kevin King,0.0692041522491349,0.0968858131487889,0.6845238095238095,0.5263157894736842,0.5384615384615384,0.2368421052631578,4,0.2645754935452649,2.0144015919886438,,,,
105589,Gerald Melzer,0.0730659025787965,0.0429799426934097,0.6973365617433414,0.5652173913043478,0.5070422535211268,0.3855421686746988,10,-0.1529192952240064,0.1199855634808999,,,,
106298,Lucas Pouille,0.090412997643557,0.0417958576212327,0.7382391022874406,0.5723577235772358,0.6461038961038961,0.3717728055077453,88,-1.158787812769568,0.2948233244759095,,,,
106415,Yoshihito Nishioka,0.0227887765275601,0.0183734510753453,0.6310410900574835,0.5746440055121728,0.5922865013774105,0.3962536023054754,87,0.4781661784121388,-1.320206981405497,,,,
104312,Andreas Seppi,0.068544809228039,0.0320541259982253,0.7157755024649223,0.5440747227086982,0.59875,0.4024390243902439,104,-0.6615488575421602,-0.3345948952020804,,,,
144895,Corentin Moutet,0.0257589696412143,0.0505979760809567,0.644136532612369,0.5607638888888888,0.5480349344978166,0.4010554089709762,50,0.7333980429088859,-0.3216795918819785,,,,
103333,Ivo Karlovic,0.236497398169747,0.0514982953525928,0.8312363238512035,0.6386138613861386,0.7280334728033473,0.2741116751269036,58,-3.7678996308283743,2.510285128116194,,,,
106045,Denis Kudla,0.0873371335504886,0.0460097719869706,0.7151515151515152,0.5530546623794212,0.5619047619047619,0.376068376068376,59,-0.6375740623555528,0.3673165645693916,,,,
106324,Vaclav Safranek,0.0134228187919463,0.0134228187919463,0.6372549019607843,0.7428571428571429,0.5384615384615384,0.0,2,0.8355658195553793,-0.1659742785618038,,,,
109739,Maximilian Marterer,0.0810024614007608,0.0252852987245468,0.7057768209544313,0.5779345734445157,0.6191780821917808,0.380327868852459,60,-0.8271692852665828,-0.3504113870283979,,,,
104871,Jeremy Chardy,0.1057471264367816,0.0503557744937055,0.7419298245614036,0.5641891891891891,0.6276445698166432,0.3550624133148404,109,-1.2473156022157406,0.7593878501546893,,,,
104527,Stan Wawrinka,0.1032069361746579,0.0228768411156377,0.752295197740113,0.5734170305676856,0.6708860759493671,0.3490196078431372,110,-1.6514177286267462,-0.0448862018511504,,,,
104925,Novak Djokovic,0.0741391941391941,0.0334798534798534,0.7522331397945511,0.6174940898345154,0.6522262334536703,0.439441978440076,180,-1.1165611499079888,-0.2487664671250227,,,,
144719,Jaume Munar,0.0488733735322119,0.0291970802919708,0.6863189720332578,0.528584817244611,0.5934426229508196,0.3578947368421052,74,-0.2187218763817219,-0.5496217874501498,,,,
106423,Thanasi Kokkinakis,0.0869918699186991,0.0439024390243902,0.7534059945504087,0.548235294117647,0.7157894736842105,0.3717948717948718,16,-1.4808536268898975,0.2863496505236105,,,,
100644,Alexander Zverev,0.1180408497848213,0.057107725937564,0.7510583376355189,0.5762670565302144,0.5910780669144982,0.4130434782608695,183,-1.273649972612717,0.9563637859005742,,,,
105676,David Goffin,0.0723174914257716,0.038608525232729,0.7157511581733951,0.5543420351624934,0.578088578088578,0.4331150608044901,132,-0.5744850814772157,-0.1773732906131109,,,,
104897,Matthias Bachinger,0.0842824601366742,0.0258162490508731,0.6973365617433414,0.4988505747126436,0.6277372262773723,0.3095238095238095,16,-0.8982680646662892,-0.1767679956132467,,,,
103898,Julien Benneteau,0.1052341597796143,0.0628099173553719,0.7128060263653484,0.5573505654281099,0.6079545454545454,0.3422818791946308,19,-0.8591954250603355,1.0987220371222577,,,,
132283,Lorenzo Sonego,0.0772445820433436,0.0256965944272445,0.7350343473994112,0.5461993627674101,0.6293279022403259,0.348314606741573,80,-1.067196819689852,-0.2469174271396101,,,,
126952,Soon Woo Kwon,0.050767414403778,0.0354191263282172,0.6954863318499682,0.5763888888888888,0.6082949308755761,0.3648648648648649,31,-0.2722778128702747,-0.3233132681524261,,,,
103819,Roger Federer,0.1079898218829516,0.0223918575063613,0.7880826525708794,0.6248510131108462,0.696,0.4127789046653144,129,-2.027356278137989,-0.1026736327479968,,,,
105299,Dzmitry Zhyrmont,0.0689655172413793,0.0344827586206896,0.7419354838709677,0.8181818181818182,0.25,0.0,1,0.5995143013576735,1.4887679909314169,,,,
106138,Yaraslau Shyla,0.0655737704918032,0.0327868852459016,0.5952380952380952,1.2857142857142858,0.5555555555555556,0.5,1,1.1139706614139349,-0.2721580985860765,,,,
105111,Ivan Endara,0.087719298245614,0.0175438596491228,0.5641025641025641,1.1428571428571428,0.4,0.0,1,1.376433071922255,0.9465766208498996,,,,
105933,Roberto Quiroz,0.0484496124031007,0.0213178294573643,0.7248520710059172,0.6363636363636364,0.6666666666666666,0.3809523809523809,7,-0.7280242355813252,-0.7323134281866599,,,,
106174,Gonzalo Lama,0.0297029702970297,0.0594059405940594,0.7586206896551724,0.6521739130434783,0.6666666666666666,0.1999999999999999,1,-0.4554975787509672,0.8238796469209383,,,,
104907,Jose Rubin Statham,0.0833333333333333,0.043103448275862,0.7391304347826086,0.6363636363636364,0.6129032258064516,0.3611111111111111,5,-0.899062244582439,0.372895277938815,,,,
105842,Di Wu,0.0405727923627685,0.0334128878281622,0.6157024793388429,0.4965034965034965,0.5892857142857143,0.4,5,0.4410338605790596,-0.8152303272517017,,,,
105585,Ze Zhang,0.081081081081081,0.054054054054054,0.7125748502994012,0.5833333333333334,0.6842105263157895,0.4594594594594594,6,-0.8767221535509707,0.2178374342505687,,,,
123755,Daniel Elahi Galan,0.0629584352078239,0.0134474327628361,0.6812865497076024,0.5248713550600344,0.5857142857142857,0.4473684210526315,20,-0.4460920236296102,-1.1477424863915895,,,,
104656,Haydn Lewis,0.0824742268041237,0.0515463917525773,0.6666666666666666,0.4482758620689655,0.4285714285714285,0.0,3,0.2000247220219178,1.5239351737709064,,,,
105292,Alejandro Gonzalez,0.04,0.03,0.65,0.7111111111111111,0.6666666666666666,0.5,4,0.0820643125524671,-1.0289064605313638,,,,
105985,Darian King,0.0157232704402515,0.0534591194968553,0.5735294117647058,0.5813953488372093,0.4615384615384615,0.2682926829268293,7,1.7335598862762025,-0.0119197826917878,,,,
105578,Cristian Rodriguez,0.04,0.06,0.75,0.7272727272727273,1.0,0.3636363636363636,1,-1.5945226950060882,0.2504094193816582,,,,
207971,Xavier Lawrence,0.0,0.0816326530612244,0.5483870967741935,1.1666666666666667,0.6363636363636364,0.0,1,2.2440104908069145,1.758330041678954,,,,
105497,Jose Hernandez,0.0456026058631921,0.0293159609120521,0.6515837104072398,0.6323529411764706,0.5,0.2580645161290322,6,0.5026125099238935,-0.2014005361084322,,,,
106252,Joao Pedro Sorgi,0.0597014925373134,0.0348258706467661,0.7538461538461538,0.75,0.7894736842105263,0.4,3,-1.304394275307844,-0.2191694901881256,,,,
106232,Roberto Cid,0.0489913544668587,0.0489913544668587,0.7382198952879581,0.5603448275862069,0.6470588235294118,0.1935483870967742,5,-0.624008745286565,0.6258666330747115,,,,
103529,Aisam Ul Haq Qureshi,0.1959183673469387,0.073469387755102,0.8471337579617835,0.6666666666666666,0.5714285714285714,0.3076923076923077,3,-2.6664756440982518,2.81574172909064,,,,
103499,Aqeel Khan,0.0920716112531969,0.0511508951406649,0.7857142857142857,0.4864864864864865,0.7380952380952381,0.3809523809523809,4,-1.865138123683303,0.5240281924726345,,,,
111805,Seong Chan Hong,0.07,0.06,0.7457627118644068,0.8095238095238095,0.6363636363636364,0.2727272727272727,1,-0.5879474617307948,1.1379686764764034,,,,
120792,M Abid Ali Khan Akbar,0.0365853658536585,0.024390243902439,0.673469387755102,0.75,0.5714285714285714,0.3333333333333333,1,0.262127483870403,-0.56871517933656,,,,
207972,Minjong Park,0.0112359550561797,0.0337078651685393,0.58,0.6,0.6666666666666666,0.4285714285714286,1,0.8916612461298347,-1.231997991971974,,,,
144750,Lloyd Harris,0.1253861997940267,0.0334706488156539,0.7242215932066316,0.5074744295830055,0.5884057971014492,0.4071428571428571,52,-1.3909554209218171,0.2480120863168776,,,,
122548,Edan Leshem,0.0409090909090909,0.0409090909090909,0.6614173228346457,0.704225352112676,0.3529411764705882,0.5714285714285714,5,1.150368188752054,-0.6768853166181076,,,,
105707,Nicolaas Scholtz,0.1005917159763313,0.059171597633136,0.6481481481481481,0.84375,0.5294117647058824,0.6,2,0.1935671897645378,0.3116285596116588,,,,
144707,Mikael Ymer,0.0406398616515348,0.0415045395590142,0.6492734478203435,0.5461095100864554,0.5614035087719298,0.457286432160804,32,0.3869621041956382,-0.6196007759322703,,,,
104660,Sergiy Stakhovsky,0.0981996726677577,0.0343698854337152,0.7046263345195729,0.5464566929133858,0.6470588235294118,0.2834645669291339,23,-1.0789992298597209,0.3281935507134645,,,,
105085,Artem Smirnov,0.0,0.048076923076923,0.5409836065573771,0.6666666666666666,0.4117647058823529,0.4444444444444444,2,2.379502002292401,-0.8240695210970687,,,,
105634,Viktor Galovic,0.0516129032258064,0.0354838709677419,0.7034313725490197,0.5714285714285714,0.5882352941176471,0.2199999999999999,7,-0.279324537950515,0.1539779334617925,,,,
105217,Thiemo De Bakker,0.1080139372822299,0.0348432055749128,0.6737967914438503,0.4729729729729729,0.5789473684210527,0.4285714285714286,4,-0.7837435706389899,-0.0803776851707794,,,,
106281,Liam Broady,0.0334821428571428,0.0290178571428571,0.6185185185185185,0.4693877551020408,0.4901960784313725,0.4583333333333333,5,0.7900458783432975,-1.1345204414530743,,,,
111815,Cameron Norrie,0.0595809434624839,0.0463537399040149,0.6903690369036903,0.565183450429352,0.6305418719211823,0.4118457300275482,105,-0.3400099212989272,-0.0980738736995813,,,,
105226,Attila Balazs,0.0417124039517014,0.0548847420417124,0.6894230769230769,0.6114457831325302,0.6703296703296703,0.4326241134751772,24,-0.1496615894631806,-0.082475883226437,,,,
200436,Zsombor Piros,0.0583657587548638,0.0272373540856031,0.6528189910979229,0.5460526315789473,0.5660377358490566,0.288135593220339,5,0.0192938231114091,-0.3415516498178434,,,,
106333,Julien Cagnina,0.0597014925373134,0.0298507462686567,0.6888888888888889,1.1111111111111112,0.7692307692307693,0.25,1,-0.4554481650861774,0.2553960205719172,,,,
122078,Dmitry Popko,0.0405727923627685,0.0167064439140811,0.64,0.5645161290322581,0.66,0.36,4,-0.0600197241631286,-1.1203403119209965,,,,
105967,Henri Laaksonen,0.0782193958664547,0.0394276629570747,0.7049525816649105,0.5596745027124774,0.6262626262626263,0.3921568627450981,38,-0.7185196453479544,-0.0251186843485292,,,,
106391,Adrian Bodmer,0.05,0.03,0.6697247706422018,0.6896551724137931,0.6818181818181818,0.3846153846153846,2,-0.2615435662749803,-0.5653260135401389,,,,
144817,Marc Andrea Huesler,0.1154618473895582,0.0411646586345381,0.7314974182444062,0.5853658536585366,0.6707317073170732,0.375,12,-1.4849729190758163,0.4914085370411897,,,,
122236,Roman Hassanov,0.0222222222222222,0.0222222222222222,0.4333333333333333,1.3333333333333333,0.1666666666666666,1.0,1,4.187303094664479,-2.5621832587296707,,,,
106353,Pedja Krstin,0.0828402366863905,0.0473372781065088,0.7476635514018691,0.5714285714285714,0.5,0.55,3,-0.5900063960170332,-0.0352909540022668,,,,
105935,Duilio Beretta,0.0476190476190476,0.0238095238095238,0.7777777777777778,0.6666666666666666,1.0,0.2666666666666667,1,-2.23432903241231,-0.4182282819089987,,,,
106198,Hugo Dellien,0.0273424474824941,0.0243414471490496,0.6179569399908383,0.5163043478260869,0.5934959349593496,0.3562091503267973,40,0.513912687089121,-1.0577765226397415,,,,
122669,Juan Pablo Varillas,0.096311475409836,0.0286885245901639,0.7725631768953068,0.59375,0.4545454545454545,0.2708333333333333,9,-0.9123477937915908,0.5082815506138625,,,,
105156,Federico Zeballos,0.0909090909090909,0.0681818181818181,0.7692307692307693,0.6571428571428571,0.7692307692307693,0.0,4,-1.5532491071521024,2.2416330861973366,,,,
105633,Mohamed Safwat,0.0518134715025906,0.0336787564766839,0.6899383983572895,0.5369649805447471,0.6351351351351351,0.4313725490196078,13,-0.3830499763597019,-0.6284832423342293,,,,
202382,Simen Sunde Bratholm,0.044776119402985,0.0149253731343283,0.5882352941176471,0.5333333333333333,0.4285714285714285,0.0,1,1.0432455748194585,-0.0131238778450515,,,,
105747,Karim Mohamed Maamoun,0.036231884057971,0.036231884057971,0.63125,0.5445544554455446,0.5625,0.48,6,0.5319923801654444,-0.9265323078953116,,,,
126340,Viktor Durasovic,0.051063829787234,0.0553191489361702,0.5590551181102362,0.5476190476190477,0.4,0.6363636363636364,5,1.624266629819479,-0.7416855857657342,,,,
126174,Youssef Hossam,0.0617977528089887,0.0337078651685393,0.7129629629629629,0.6428571428571429,0.5333333333333333,0.5238095238095238,3,-0.2306397895277116,-0.6006150508615583,,,,
200483,Peter August Anker,0.0612244897959183,0.0204081632653061,0.3636363636363636,1.1428571428571428,0.1428571428571428,0.25,1,4.146513983956004,-0.2472859594148976,,,,
108763,Alberto Emmanuel Alvarado Larin,0.0147058823529411,0.088235294117647,0.5909090909090909,1.0,0.5,0.0,2,2.1179961046531943,2.150411225520652,,,,
105656,Marcelo Arevalo,0.0359477124183006,0.0392156862745098,0.6634615384615384,0.6052631578947368,0.6,0.3333333333333333,8,0.233848733490269,-0.304632550499008,,,,
105899,Martin Cuevas,0.0818414322250639,0.0332480818414322,0.690677966101695,0.5161290322580645,0.6666666666666666,0.3181818181818182,6,-0.8798563806398108,-0.0398989411886959,,,,
127570,Rodrigo Arus,0.025,0.05,0.782608695652174,0.6666666666666666,1.0,0.8333333333333334,1,-1.791535664304296,-1.5889940830408191,,,,
206768,Rafael Eduardo Gonzalez Retana,0.0,0.1923076923076923,0.5517241379310345,1.0,0.1666666666666666,0.0,1,4.55702509395242,5.175827201746981,,,,
105827,Laurynas Grigelis,0.0956072351421188,0.0335917312661498,0.7198275862068966,0.5217391304347826,0.6060606060606061,0.3703703703703703,7,-1.0495228855632326,0.0592326741486057,,,,
105132,Jurgen Zopp,0.0617173524150268,0.0268336314847942,0.7391952309985097,0.5490196078431373,0.6526315789473685,0.3522727272727273,13,-0.9830191573182714,-0.3839373679095988,,,,
144807,Kenneth Raisma,0.054054054054054,0.027027027027027,0.7222222222222222,0.9230769230769232,0.8333333333333334,0.0,1,-1.057654986263228,0.751388490617178,,,,
207973,Ainius Sabaliauskas,0.0,0.0851063829787234,0.4074074074074074,1.2,0.5,0.0,1,3.8543259263296767,1.6729283227328668,,,,
104467,Lamine Ouahab,0.0298507462686567,0.0567164179104477,0.7039106145251397,0.528,0.675,0.4,8,-0.1955773994445821,-0.0862000734651486,,,,
106106,George Tsivadze,0.037037037037037,0.0617283950617283,0.56,0.75,0.7222222222222222,0.2222222222222222,2,0.8926694811496628,0.4983778520655407,,,,
144760,Amine Ahouda,0.0222222222222222,0.0888888888888888,0.6458333333333334,0.5217391304347826,0.48,0.3571428571428571,4,1.2603724412329826,0.9079858113815928,,,,
138845,Anthony Jackie Tang,0.074074074074074,0.0493827160493827,0.7073170731707317,0.5,0.5714285714285714,0.3333333333333333,1,-0.4735397143029485,0.3971830313050561,,,,
105566,Shahin Khaledan,0.0113636363636363,0.0568181818181818,0.6170212765957447,0.6111111111111112,0.6666666666666666,0.4285714285714286,1,0.7954363736326614,-0.4698824481106249,,,,
138846,Hong Kit Jack Wong,0.0165289256198347,0.0413223140495867,0.6125,0.5666666666666667,0.5714285714285714,0.5,2,0.9395714454493476,-1.0631903999002297,,,,
105606,Mohsen Hossein Zade,0.0,0.04,0.4358974358974359,2.0,0.375,1.0,1,4.441505279419095,-1.868005157517298,,,,
134217,Skyler Butts,0.0444444444444444,0.0444444444444444,0.76,0.8,0.8,0.4615384615384615,1,-1.086042368798655,-0.2304051160140703,,,,
200401,Amir Hossein Badi,0.0,0.0517241379310344,0.475,1.75,0.5384615384615384,0.1999999999999999,1,3.43478670786943,0.6651239026839598,,,,
104233,Frederik Nielsen,0.0524193548387096,0.0443548387096774,0.762589928057554,0.6,0.8076923076923077,0.3793103448275862,4,-1.407222697271524,-0.0669703148342762,,,,
200278,Simon Carr,0.05,0.0666666666666666,0.7368421052631579,1.25,0.3333333333333333,0.1428571428571429,2,1.2114474578819667,2.081637305674397,,,,
126530,Peter Bothwell,0.0145985401459854,0.0656934306569343,0.7012987012987013,0.5,0.5,0.2258064516129032,2,0.6559974496925491,0.6486683556740126,,,,
126526,Soren Hess Olesen,0.0392156862745098,0.0490196078431372,0.6326530612244898,0.6363636363636364,0.6842105263157895,0.5,2,0.2447910664587314,-0.5962001330278608,,,,
133975,Benjamin Hassan,0.0593607305936073,0.0410958904109589,0.7489361702127659,0.6705202312138728,0.6521739130434783,0.490566037735849,9,-0.8077539639058758,-0.2926088667126825,,,,
106396,Cheng Yu Yu,0.032258064516129,0.043010752688172,0.6981132075471698,0.8333333333333334,0.5833333333333334,0.75,1,0.3068504000532874,-1.2214818506877356,,,,
200273,Hady Habib,0.1094890510948905,0.0620437956204379,0.8044692737430168,0.7464788732394366,0.75,0.4285714285714286,6,-1.9421340333975428,1.1104668412151386,,,,
134120,Kuan Yi Lee,0.0212765957446808,0.0425531914893617,0.71875,1.0,0.6666666666666666,0.0,1,0.1270325538939344,1.0526472114433514,,,,
202358,Chun Hsin Tseng,0.0429799426934097,0.0372492836676217,0.7170731707317073,0.5271317829457365,0.6857142857142857,0.4827586206896551,6,-0.6413711125312215,-0.7519800267347786,,,,
206000,Michel Saade,0.0,0.03125,0.2857142857142857,3.0,0.25,0.0,1,6.836032572242617,1.47943825054129,,,,
202165,Alberto Lim,0.1203703703703703,0.1018518518518518,0.7636363636363637,0.6,0.6666666666666666,0.4444444444444444,4,-1.2912898485954676,2.1749548222430124,,,,
207176,Muhammad Althaf Dhaifullah,0.0175438596491228,0.0175438596491228,0.5952380952380952,2.0,0.3333333333333333,0.0,1,2.968881595450783,1.0664166461491154,,,,
105812,David Agung Susanto,0.0463576158940397,0.0794701986754966,0.6283185840707964,0.65,0.7272727272727273,0.3888888888888888,3,0.2905970900459382,0.6651087424369829,,,,
106150,Jeson Patrombon,0.0488888888888888,0.0311111111111111,0.6388888888888888,0.7230769230769231,0.6666666666666666,0.4210526315789473,5,0.0794485033824665,-0.6845423500202543,,,,
200460,John Bryan Decasa Otico,0.0342857142857142,0.0114285714285714,0.6545454545454545,0.5283018867924528,0.5714285714285714,0.5555555555555556,4,0.1396081113841054,-1.862513033081861,,,,
200045,Anthony Susanto,0.0185185185185185,0.0185185185185185,0.6176470588235294,1.125,0.2,0.5,1,2.4830367440890813,-0.9765282094084854,,,,
105688,Manuel Sanchez,0.046692607003891,0.0778210116731517,0.6686046511627907,0.7368421052631579,0.5217391304347826,0.5714285714285714,6,0.75650843849172,0.3726124163422219,,,,
200620,Ignacio Garcia,0.0,0.0489510489510489,0.5412844036697247,1.0,0.4375,0.5,4,2.591684555374939,-0.714811012435243,,,,
106250,Luis Patino,0.0615384615384615,0.0307692307692307,0.6932773109243697,0.5488721804511278,0.6,0.4411764705882353,5,-0.4149271489914503,-0.6048392750822001,,,,
200274,Alex Diaz,0.0,0.0181818181818181,0.6470588235294118,0.9,0.5714285714285714,1.0,1,0.9943949514891024,-3.067231950973256,,,,
200619,Sebastian Arcila,0.0,0.0169491525423728,0.5238095238095238,1.5,0.2857142857142857,0.1999999999999999,1,3.4444854306834003,-0.2584409463214744,,,,
111167,Ugo Nastasi,0.0245398773006134,0.0306748466257668,0.5769230769230769,0.6111111111111112,0.68,0.4,2,0.6961374336264007,-1.1096640807995726,,,,
126102,Nicolae Frunza,0.0113636363636363,0.034090909090909,0.7192982456140351,0.7777777777777778,0.6,0.1999999999999999,1,0.2114003336025114,-0.0282007175075838,,,,
144776,Christophe Tholl,0.0485436893203883,0.0388349514563106,0.55,0.6428571428571429,0.5333333333333333,0.1999999999999999,2,1.213473094061471,0.0408265624929286,,,,
126613,Bogdan Borza,0.1346153846153846,0.0192307692307692,0.8285714285714286,1.125,0.8,0.4,1,-2.5964928597042483,0.5266648363720823,,,,
128034,Hubert Hurkacz,0.0907684373388344,0.0388086642599278,0.7280032969297342,0.5594594594594594,0.6322378716744914,0.3837011884550084,95,-1.0709888222892177,0.152400567645086,,,,
111794,Kamil Majchrzak,0.0685483870967741,0.0470430107526881,0.7139561707035755,0.5630712979890311,0.5734265734265734,0.3697478991596639,19,-0.4270509736750222,0.2287931084285341,,,,
105641,Blaz Rola,0.0331125827814569,0.0132450331125827,0.5227272727272727,0.52,0.5,0.6,3,1.419254037362908,-2.2021762190110787,,,,
134886,Sharmal Dissanayake,0.0151515151515151,0.0757575757575757,0.5652173913043478,1.2222222222222223,0.2857142857142857,0.7,1,3.1610387340813726,-0.0536717555565196,,,,
127143,Jirat Navasirisomboon,0.0185185185185185,0.0416666666666666,0.5533333333333333,0.72,0.2727272727272727,0.5,4,2.543785897705502,-0.8266754748644397,,,,
106397,Wishaya Trongcharoenchaikul,0.1300527240773286,0.0439367311072056,0.802547770700637,0.5575221238938053,0.6060606060606061,0.3399999999999999,9,-1.9835989483835128,1.0015552444342115,,,,
202462,Yasitha De Silva,0.09009009009009,0.027027027027027,0.6081081081081081,0.8076923076923077,0.4545454545454545,0.0,2,0.5972813383492112,1.0314277823653324,,,,
207421,Alex Fairbanks,0.0408163265306122,0.1428571428571428,0.6666666666666666,1.125,0.1666666666666666,0.25,1,2.918254329574683,3.739388431269507,,,,
105349,Harri Heliovaara,0.0824175824175824,0.0494505494505494,0.6833333333333333,0.5757575757575758,0.6136363636363636,0.2592592592592593,8,-0.46856085740388,0.6843858160403287,,,,
200325,Emil Ruusuvuori,0.0620012277470841,0.058317986494782,0.700381679389313,0.5798319327731093,0.5185185185185185,0.4012345679012346,23,0.0483067232071209,0.41875510365288,,,,
144826,Aziz Dougaz,0.04,0.06,0.625,1.1428571428571428,0.375,0.5,2,1.9012267379758816,0.3440082510776127,,,,
111761,Benjamin Lock,0.0666666666666666,0.0142857142857142,0.656934306569343,0.5714285714285714,0.5454545454545454,0.6,6,-0.1144887096262911,-1.536986108033128,,,,
123795,Altug Celikbilek,0.0764872521246459,0.0679886685552408,0.7417840375586855,0.580952380952381,0.5925925925925926,0.4545454545454546,6,-0.6223339728006372,0.7194243079819053,,,,
105626,Takanyi Garanganga,0.0572687224669603,0.052863436123348,0.6911764705882353,0.4776119402985074,0.5454545454545454,0.5,5,-0.049992455774139,-0.2078480312020452,,,,
117356,Cem Ilkel,0.0589285714285714,0.0196428571428571,0.6637426900584795,0.5235602094240838,0.425531914893617,0.4,11,0.338147367210569,-0.7895265542039338,,,,
106175,Ricardo Rodriguez,0.0272108843537414,0.010204081632653,0.6363636363636364,0.5975609756097561,0.6923076923076923,0.4482758620689655,4,-0.0045800405075855,-1.7124387428786592,,,,
108739,Wilfredo Gonzalez,0.0694444444444444,0.0555555555555555,0.6818181818181818,0.75,0.25,0.3,5,1.161106728453838,1.0073490370980096,,,,
105499,Christopher Diaz Figueroa,0.1079136690647482,0.0935251798561151,0.8070175438596491,0.4516129032258064,0.6,0.368421052631579,2,-1.441445978318501,2.064194762383325,,,,
105467,Jordi Munoz Abreu,0.0185185185185185,0.074074074074074,0.5857142857142857,0.6666666666666666,0.4666666666666667,0.25,2,1.824497473211867,0.7612893812922532,,,,
126535,Carlos Taberner,0.0307971014492753,0.0398550724637681,0.704225352112676,0.5094339622641509,0.6727272727272727,0.3103448275862068,6,-0.349768591409616,-0.3068136210489423,,,,
105613,Norbert Gombos,0.062125340599455,0.0457765667574931,0.7094170403587444,0.5552,0.5766871165644172,0.3354430379746835,24,-0.3440285675643509,0.2141750074601182,,,,
103917,Nicolas Mahut,0.0579171094580233,0.0356004250797024,0.7165354330708661,0.5716440422322775,0.647887323943662,0.3963963963963963,21,-0.6587805448277699,-0.3290351870250235,,,,
104932,Kenny De Schepper,0.0602409638554216,0.0180722891566265,0.7226890756302521,0.8333333333333334,0.5555555555555556,0.1428571428571429,2,-0.3199869905070901,0.245693808567086,,,,
123921,Calvin Hemery,0.087719298245614,0.0927318295739348,0.6460905349794238,0.5043478260869565,0.4390243902439024,0.2380952380952381,6,0.6310322960445548,2.0408291934806835,,,,
120424,Yannick Maden,0.0251256281407035,0.0175879396984924,0.6305533904910366,0.5572519083969466,0.6,0.4176470588235293,23,0.4059445895004311,-1.4055333772975136,,,,
105064,Thomaz Bellucci,0.0483558994197292,0.0386847195357833,0.6743421052631579,0.5642458100558659,0.5833333333333334,0.4499999999999999,6,0.0207002357895435,-0.5490990529118162,,,,
104122,Carlos Berlocq,0.0374812593703148,0.025487256371814,0.6152019002375297,0.54337899543379,0.4745762711864407,0.3513513513513513,9,0.8590042722106931,-0.8093542043214275,,,,
105561,Alessandro Giannessi,0.0488798370672097,0.0448065173116089,0.691358024691358,0.5957446808510638,0.7037037037037037,0.4545454545454546,5,-0.4577013512493064,-0.4029979203759128,,,,
105487,Facundo Bagnis,0.0576631259484066,0.0386949924127465,0.6572481572481572,0.5928411633109619,0.5409836065573771,0.3103448275862068,18,0.2113025716966374,-0.0179502386424167,,,,
105943,Federico Gaio,0.0798611111111111,0.0538194444444444,0.7006369426751592,0.5545454545454546,0.5833333333333334,0.4166666666666666,6,-0.4488536321421573,0.3511171874140615,,,,
104629,Adrian Menendez Maceiras,0.0480404551201011,0.0290771175726927,0.6537678207739308,0.5254901960784314,0.5813953488372093,0.3818181818181818,10,0.0791902043144626,-0.6994354657816615,,,,
105413,Andrej Martin,0.0290841584158415,0.0247524752475247,0.6414189837008629,0.538899430740038,0.6304347826086957,0.3959731543624161,21,0.2088816725799805,-1.1056733567803712,,,,
106075,Jozef Kovalik,0.0459378987664823,0.0382815823054019,0.6913137114142139,0.5348837209302325,0.5607476635514018,0.3902439024390244,30,-0.0321815682192067,-0.3736949064404691,,,,
106220,Dimitar Kuzmanov,0.0551724137931034,0.0367816091954023,0.6509090909090909,0.5307692307692308,0.5681818181818182,0.4358974358974359,10,0.1268015110419499,-0.5623547287330217,,,,
105208,Ernests Gulbis,0.1025926958461109,0.0591023139113465,0.7447432762836186,0.574677786201668,0.6451612903225806,0.3568464730290456,44,-1.21471239560916,0.9788373870391932,,,,
202090,Adrian Andreev,0.0245098039215686,0.0637254901960784,0.5491803278688525,0.6825396825396826,0.35,0.6363636363636364,3,2.3756446407302025,-0.6359855871714705,,,,
105373,Martin Klizan,0.05490113588557,0.0414387883887252,0.685031185031185,0.5614877024595081,0.5945945945945946,0.4483695652173913,61,-0.1595872465676042,-0.3865769189654777,,,,
200574,Alexander Donski,0.1311475409836065,0.0655737704918032,0.7878787878787878,1.2857142857142858,0.5714285714285714,0.0,2,-0.952879622855749,3.253399614004004,,,,
105671,Gastao Elias,0.0350194552529182,0.0544747081712062,0.7065727699530516,0.5119453924914675,0.5072463768115942,0.3188405797101449,10,0.2711194718006579,0.2582385873566574,,,,
106398,Pedro Cachin,0.0529411764705882,0.0235294117647058,0.6868686868686869,0.5476190476190477,0.5555555555555556,0.2972972972972972,6,-0.1679577671934262,-0.4465694418691181,,,,
105453,Kei Nishikori,0.0395679606459202,0.0297294407015292,0.7005366106975939,0.5880206749771967,0.6023936170212766,0.4163969795037756,113,-0.1899926479842937,-0.7301056853068437,,,,
111511,Noah Rubin,0.0520915548539857,0.032359905288082,0.6586599241466498,0.6042654028436019,0.6268656716417911,0.3913043478260869,15,-0.0687214156034573,-0.5509346478311533,,,,
106216,Bjorn Fratangelo,0.0645645645645645,0.051051051051051,0.7062841530054644,0.5568400770712909,0.6014492753623188,0.4234234234234234,17,-0.3915874932087886,0.1011440603312545,,,,
200624,Sebastian Korda,0.0625889046941678,0.0298719772403982,0.6489795918367347,0.6193181818181818,0.589041095890411,0.4117647058823529,7,0.0055220090620958,-0.5639748608125633,,,,
200000,Felix Auger Aliassime,0.1079945491710197,0.0571201453554394,0.7362093352192363,0.5904942965779467,0.6419919246298789,0.3787661406025825,115,-1.2038873668705077,0.904321888633269,,,,
134868,Tallon Griekspoor,0.0687237026647966,0.0280504908835904,0.7035490605427975,0.5120772946859904,0.5714285714285714,0.4242424242424242,9,-0.5344899345780482,-0.5484483538169801,,,,
105015,Franko Skugor,0.0494845360824742,0.0412371134020618,0.6262975778546713,0.5644171779141104,0.5769230769230769,0.4318181818181817,7,0.4176137564037314,-0.5098885889368833,,,,
122330,Alexander Bublik,0.1427269413051403,0.0818446955887714,0.7528230865746549,0.5685527747551686,0.5947136563876652,0.3472906403940886,65,-1.41033424633308,2.111311220727557,,,,
126203,Taylor Fritz,0.1193747039317858,0.0304121269540502,0.7586866432897673,0.5478723404255319,0.6174142480211082,0.3493234932349324,132,-1.672462005587211,0.3633983958436711,,,,
124187,Reilly Opelka,0.2415112386417982,0.0368244858919177,0.8083146626835948,0.5964303420922161,0.6736842105263158,0.303834808259587,74,-3.614659306577989,1.9979708230588733,,,,
200384,Hugo Gaston,0.0206060606060606,0.0157575757575757,0.6301652892561983,0.5369774919614148,0.6761904761904762,0.3783783783783784,7,0.1661637537752296,-1.4556309520400954,,,,
106412,Lucas Gomez,0.0196078431372549,0.0441176470588235,0.5984848484848485,0.4561403508771929,0.4642857142857143,0.1818181818181817,6,1.3014716041404926,-0.030902256981842,,,,
105163,Gleb Sakharov,0.075,0.025,0.6571428571428571,0.5714285714285714,0.4444444444444444,0.2857142857142857,2,0.2140430570490024,-0.1186037043395828,,,,
106249,Joao Domingues,0.014947683109118,0.0089686098654708,0.6088794926004228,0.5411764705882353,0.6410256410256411,0.3728813559322034,10,0.4698597949675206,-1.7099669697562276,,,,
105952,Renzo Olivo,0.0139442231075697,0.0617529880478087,0.6688963210702341,0.5576923076923077,0.6181818181818182,0.3913043478260869,5,0.5252469713157586,-0.0828209210568155,,,,
124116,Sebastian Ofner,0.0807899461400359,0.044883303411131,0.6886792452830188,0.5645933014354066,0.5370370370370371,0.5161290322580645,9,-0.2670684676219744,-0.1857494329732507,,,,
205734,Thiago Seyboth Wild,0.0667229729729729,0.0380067567567567,0.7086956521739131,0.5727272727272728,0.6415094339622641,0.3064516129032257,14,-0.6631319949756976,0.0883649865807211,,,,
106105,Guilherme Clezar,0.0956521739130434,0.0434782608695652,0.6645161290322581,0.5882352941176471,0.5714285714285714,0.2413793103448276,3,-0.3715169742093484,0.6944107204004646,,,,
105614,Bradley Klahn,0.1077731881336838,0.0544498685692827,0.7321991178323881,0.6145494028230185,0.6213592233009708,0.3628318584070796,32,-1.098496664339594,0.8983819222377265,,,,
105960,Evan King,0.0,0.036144578313253,0.6666666666666666,1.0833333333333333,0.4,0.5,1,1.7348739749543722,-0.7159662791731867,,,,
106283,Mitchell Krueger,0.0591133004926108,0.0246305418719211,0.6541554959785523,0.5221674876847291,0.5454545454545454,0.3414634146341463,7,0.0306043660664603,-0.5732617468750347,,,,
111153,Christopher Eubanks,0.1366666666666666,0.0544444444444444,0.7628865979381443,0.5836575875486382,0.5507246376811594,0.3492063492063492,10,-1.4618044981956644,1.3168324880597886,,,,
200095,Nicola Kuhn,0.0165876777251184,0.0189573459715639,0.631578947368421,0.5112781954887218,0.475,0.4047619047619047,5,0.9029411775545236,-1.3566338313620343,,,,
200175,Miomir Kecmanovic,0.0569000554221319,0.0336227600221688,0.7143302180685358,0.580919080919081,0.631004366812227,0.4027149321266968,73,-0.5782336858256186,-0.4008745441925197,,,,
106426,Cristian Garin,0.055807560137457,0.0390378006872852,0.7033190336419056,0.5506677140612726,0.606508875739645,0.4057750759878419,89,-0.3806792498655957,-0.2951246478149615,,,,
103781,Jurgen Melzer,0.053763440860215,0.010752688172043,0.6690140845070423,0.7272727272727273,0.8571428571428571,0.3,3,-1.0255989884905334,-0.9260730679681634,,,,
105053,Santiago Giraldo,0.0350058343057176,0.0186697782963827,0.6428571428571429,0.5130111524163569,0.5108695652173914,0.3968253968253968,10,0.4713332682020756,-1.1589652857481565,,,,
106361,Adam Pavlasek,0.0808823529411764,0.0220588235294117,0.6951871657754011,0.6056338028169014,0.6521739130434783,0.4761904761904761,3,-0.8582218530006406,-0.7602933473135913,,,,
200075,Yshai Oliel,0.1029411764705882,0.0147058823529411,0.7608695652173914,0.7857142857142857,1.0,0.2857142857142857,1,-2.730134669753335,-0.1363175252138735,,,,
105432,Prajnesh Gunneswaran,0.064113980409617,0.0342831700801424,0.6776978417266187,0.535483870967742,0.5280373831775701,0.3333333333333333,31,-0.062654986628313,-0.1443578681756523,,,,
122109,Sanjar Fayziev,0.0814249363867684,0.0534351145038167,0.6764705882352942,0.4736842105263157,0.5882352941176471,0.1333333333333333,7,-0.3772710024615734,1.0923753334796025,,,,
126939,Khumoun Sultanov,0.1739130434782608,0.0652173913043478,0.8,0.6666666666666666,0.8,0.7142857142857143,2,-2.893823327673957,0.860011947528226,,,,
207836,Muzammil Murtaza,0.0784313725490196,0.0784313725490196,0.5454545454545454,1.3333333333333333,0.2857142857142857,0.1999999999999999,1,2.6705128696596736,2.209522302064647,,,,
106167,Joris De Loore,0.0970873786407767,0.029126213592233,0.7372881355932204,0.6551724137931034,0.6,0.3333333333333333,2,-1.0965626768930667,0.2074634556455952,,,,
109698,Christoffer Konigsfeldt,0.0588235294117647,0.0147058823529411,0.7222222222222222,0.8333333333333334,0.7,1.0,1,-0.8165314448478589,-2.56927987844988,,,,
208029,Holger Rune,0.0714285714285714,0.0285714285714285,0.75,0.5555555555555556,0.5,0.6666666666666667,5,-0.6300003992407447,-1.0534568735786984,,,,
124022,Chun Hun Wong,0.0268456375838926,0.0268456375838926,0.66,0.6666666666666666,0.7692307692307693,0.2222222222222222,2,-0.2600998107609498,-0.4946148164805227,,,,
126204,Gerardo Lopez Villasenor,0.048780487804878,0.0386178861788617,0.7171717171717171,0.5217391304347826,0.5641025641025641,0.3703703703703703,6,-0.2853557353051345,-0.2318030031648056,,,,
126190,Nicolas Alvarez,0.074074074074074,0.0432098765432098,0.6836734693877551,0.6444444444444445,0.6666666666666666,0.3333333333333333,4,-0.5418383649173725,0.2151967680981223,,,,
104308,Michal Przysiezny,0.1527777777777778,0.0138888888888888,0.7804878048780488,1.2,0.3333333333333333,0.2857142857142857,1,-0.803330767360625,1.1847052545641852,,,,
207415,Daniel Michalski,0.0188679245283018,0.0188679245283018,0.84375,0.7142857142857143,0.5,1.0,1,-0.651479461167746,-2.528096171178028,,,,
207400,Mark Chigaazira,0.0,0.0638297872340425,0.6666666666666666,1.2857142857142858,0.0,0.5,1,3.515984047625653,0.536260328819608,,,,
104494,Adrian Ungur,0.0564102564102564,0.0256410256410256,0.7478991596638656,0.4626865671641791,0.6842105263157895,0.3571428571428571,3,-1.1817555839933171,-0.5588352244883558,,,,
106021,Dragos Dima,0.0212765957446808,0.0212765957446808,0.72,0.6153846153846154,0.6666666666666666,1.0,2,-0.378170509364637,-2.9059539079316843,,,,
207479,Soufiane El Mesbahi,0.0,0.1463414634146341,0.5714285714285714,1.6,0.0,0.3333333333333333,1,5.164002263910652,3.479998435012984,,,,
202210,Edris Fetisleam,0.0,0.0476190476190476,0.7727272727272727,0.5833333333333334,0.0,0.8333333333333334,1,1.9563613280445915,-1.2803682099193798,,,,
206642,Yassir Kilani,0.0,0.0666666666666666,0.4814814814814814,1.0,0.1666666666666666,0.0,1,4.120790087774837,1.3767857004554909,,,,
207139,Palaphoom Kovapitukted,0.0194805194805194,0.0389610389610389,0.6043956043956044,0.4901960784313725,0.1,0.6,4,2.515286388398435,-1.1495486701776836,,,,
105961,David Souto,0.0303030303030303,0.0303030303030303,0.6,0.5789473684210527,0.7142857142857143,0.2222222222222222,1,0.2980064119646609,-0.5242959826086714,,,,
208028,Francisco Llanes,0.0117647058823529,0.0235294117647058,0.6785714285714286,0.7333333333333333,0.6,0.1999999999999999,1,0.3974671182060798,-0.4562820791822647,,,,
207738,Brandon Perez,0.0793650793650793,0.0634920634920634,0.6608695652173913,0.5833333333333334,0.7368421052631579,0.2222222222222222,2,-0.571602836342889,1.0427818244374294,,,,
111578,Stefan Kozlov,0.0205479452054794,0.0684931506849315,0.5777777777777777,0.7272727272727273,0.3125,0.5,2,2.4088581240502664,0.0027908658638659,,,,
124079,Pedro Martinez,0.021566401816118,0.0482406356413166,0.6478040540540541,0.5178197064989518,0.6173469387755102,0.4037267080745341,21,0.458688380677661,-0.5155638642195118,,,,
105063,Andrea Arnaboldi,0.0428571428571428,0.0285714285714285,0.6796875,0.5942028985507246,0.5882352941176471,0.3,3,-0.0251400002778572,-0.4091381809102546,,,,
106072,Alexey Vatutin,0.0125,0.0464285714285714,0.6133720930232558,0.5202312138728323,0.4666666666666667,0.4912280701754385,6,1.3423676475367408,-0.8891340459628341,,,,
200031,Lucas Catarina,0.0131578947368421,0.0592105263157894,0.5882352941176471,0.5263157894736842,0.5,1.0,2,1.5220867458241565,-2.128975151784162,,,,
103990,Tommy Robredo,0.024793388429752,0.0330578512396694,0.743421052631579,0.6307692307692307,0.2727272727272727,0.125,3,0.8607940869804335,0.4688200958032905,,,,
104719,Marcel Granollers,0.073983341499265,0.03968642822146,0.7261345852895149,0.5893648449039882,0.5526315789473685,0.4431137724550898,29,-0.5461683890387015,-0.0906443052053973,,,,
106393,Frederico Ferreira Silva,0.0331125827814569,0.0397350993377483,0.6666666666666666,0.5952380952380952,0.3846153846153846,0.4545454545454546,2,0.9861594879640334,-0.5325474351214892,,,,
104620,Simone Bolelli,0.0240615976900866,0.0134744947064485,0.6505867014341591,0.55078125,0.5959595959595959,0.4025974025974026,13,0.2411956800939161,-1.447936504199455,,,,
105155,Pedro Sousa,0.0409468969929622,0.037108125399872,0.6574690770694577,0.5246636771300448,0.6022727272727273,0.3779527559055118,21,0.1247192172038394,-0.5319885806506295,,,,
106071,Bernard Tomic,0.1129996852376455,0.0204595530374567,0.7001906577693041,0.4989979959919839,0.6480263157894737,0.3492822966507177,39,-1.3745042442744058,-0.1781288087871169,,,,
105477,Marco Trungelliti,0.0431447746883988,0.0364333652924257,0.66553480475382,0.5501222493887531,0.6017699115044248,0.3473684210526315,14,0.0554015568249922,-0.3984349625489475,,,,
104593,Daniel Gimeno Traver,0.0166666666666666,0.15,0.6097560975609756,8.0,0.5384615384615384,0.6666666666666667,1,8.525344189830962,7.625051152307209,,,,
104947,Marsel Ilhan,0.0512820512820512,0.0,0.5357142857142857,1.75,0.2,0.0,1,3.1261147683571697,0.6510680585331876,,,,
109054,Daniel Masur,0.0509259259259259,0.037037037037037,0.620253164556962,0.7368421052631579,0.6538461538461539,0.24,3,0.2986224094169195,0.0357165252679384,,,,
111795,Filippo Baldi,0.0588235294117647,0.0452488687782805,0.6357142857142857,0.559322033898305,0.64,0.375,3,0.0411720702698682,-0.1576673411036835,,,,
126523,Bernabe Zapata Miralles,0.0253164556962025,0.0411392405063291,0.6270270270270271,0.5619047619047619,0.525,0.5555555555555556,4,0.8790985581971221,-1.0892541922224614,,,,
104586,Lukas Rosol,0.0725022104332449,0.039787798408488,0.6939890710382514,0.5988200589970502,0.6185567010309279,0.345679012345679,13,-0.5023810240380834,0.0830751997795019,,,,
136440,Dominik Koepfer,0.051858650757228,0.0357962368058742,0.6846780162842339,0.5231607629427792,0.6387665198237885,0.4040404040404041,24,-0.3519863430400515,-0.5090867229277445,,,,
105515,Jordi Samper Montana,0.0298507462686567,0.0298507462686567,0.6923076923076923,1.2857142857142858,0.6,0.5,1,0.6195033683687533,-0.5269000247624147,,,,
106296,Gregoire Barrere,0.0668626010286554,0.0371050698016164,0.6859311150029188,0.5514541387024608,0.5617529880478087,0.3607305936073059,29,-0.2390831702078101,-0.1115092775942461,,,,
105948,Federico Coria,0.0274064171122994,0.0227272727272727,0.6174496644295302,0.5122549019607843,0.5934065934065934,0.4285714285714286,17,0.5020440273794509,-1.3277466824100197,,,,
106110,Filip Horansky,0.0408858603066439,0.0306643952299829,0.6404494382022472,0.5346534653465347,0.5084745762711864,0.3888888888888888,8,0.54007347708889,-0.7151614552999148,,,,
105902,James Duckworth,0.08984375,0.04443359375,0.7173524150268337,0.536019536019536,0.5780346820809249,0.3488372093023255,23,-0.7679812020669639,0.4083924978510725,,,,
200611,Elliot Benchetrit,0.0574257425742574,0.0336633663366336,0.6254295532646048,0.5621301775147929,0.4482758620689655,0.2972972972972972,6,0.7129781523382864,-0.155503192995919,,,,
105819,Guido Andreozzi,0.0462850182704019,0.0576532683719041,0.6797603195739015,0.5357590966122961,0.6148148148148148,0.4011627906976744,29,0.0160827829812058,0.0952313683210108,,,,
106214,Oscar Otte,0.0870069605568445,0.0464037122969837,0.725609756097561,0.6123778501628665,0.5714285714285714,0.3943661971830986,11,-0.6908459086864571,0.3843033074407578,,,,
126125,Maxime Janvier,0.040084388185654,0.0147679324894514,0.6726618705035972,0.4817073170731707,0.5319148936170213,0.1730769230769231,5,0.0485327882527122,-0.5183685270173717,,,,
126845,Max Purcell,0.0566037735849056,0.0251572327044025,0.5740740740740741,0.6666666666666666,0.375,0.4285714285714286,2,1.398990352566419,-0.784552273134004,,,,
200484,Rudolf Molleker,0.0952380952380952,0.0476190476190476,0.6953846153846154,0.5763157894736842,0.6354166666666666,0.288135593220339,12,-0.8030030300613451,0.6813337175045198,,,,
104970,Matteo Viola,0.0,0.0862068965517241,0.4933333333333333,0.6666666666666666,0.2941176470588235,0.2222222222222222,2,3.446016857519385,0.934820449437164,,,,
105554,Daniel Evans,0.0468872510584914,0.029480947153834,0.7018570338336301,0.5618579723090665,0.6128472222222222,0.3876221498371335,75,-0.3492923789738394,-0.6037545071101679,,,,
104918,Andy Murray,0.0831600831600831,0.0383130383130383,0.7283116883116884,0.5472868217054263,0.6014492753623188,0.3879003558718861,38,-0.8903707943161976,0.0631739364956234,,,,
126652,Jay Clarke,0.0561009817671809,0.0504908835904628,0.7158176943699732,0.6089965397923875,0.6212121212121212,0.3947368421052631,8,-0.3904042128942488,0.1377427945744199,,,,
104978,Daniel Brands,0.1146245059288537,0.0395256916996047,0.6839080459770115,0.6984126984126984,0.6666666666666666,0.2222222222222222,3,-1.0099137100374842,0.8886477733512439,,,,
126127,Benjamin Bonzi,0.0669745958429561,0.0254041570438799,0.7,0.538961038961039,0.5,0.5588235294117647,5,-0.2339204842708365,-0.9856549234991272,,,,
106328,Christian Harrison,0.0671378091872791,0.0530035335689045,0.7177914110429447,0.6363636363636364,0.6470588235294118,0.4666666666666667,3,-0.5823302904886712,0.1092124857353857,,,,
105359,Jason Jung,0.0435031482541499,0.0314825414997137,0.6523235800344234,0.5807692307692308,0.5950920245398773,0.3455882352941176,23,0.1643805897964869,-0.5326101451350606,,,,
103565,Stephane Robert,0.0847457627118644,0.0508474576271186,0.7329545454545454,0.4657534246575342,0.6428571428571429,0.4666666666666667,4,-1.0627552573257415,0.1181323453067665,,,,
144645,Zdenek Kolar,0.0259740259740259,0.0389610389610389,0.6046511627906976,0.5882352941176471,0.5,0.1428571428571429,1,1.1313077201590662,0.0954706196782026,,,,
106228,Juan Ignacio Londero,0.0482943656573399,0.0356458413185128,0.6980775291522219,0.6028214867064569,0.6084070796460177,0.3869565217391304,63,-0.2374913782761992,-0.3810320620798337,,,,
111574,Jc Aragone,0.0588235294117647,0.0294117647058823,0.6136363636363636,0.6666666666666666,0.5714285714285714,0.4,2,0.4209550187997065,-0.605603745881727,,,,
126120,Nino Serdarusic,0.0735785953177257,0.0434782608695652,0.7674418604651163,0.6436781609195402,0.5263157894736842,0.6363636363636364,4,-0.6869976386741994,-0.4169704533832594,,,,
202130,Emil Reinberg,0.0677966101694915,0.0169491525423728,0.5833333333333334,0.5833333333333334,0.4444444444444444,0.0,1,0.8109706223480936,0.2905588903177717,,,,
106177,Oriol Roca Batalla,0.1145374449339207,0.0352422907488986,0.7428571428571429,0.6285714285714286,0.9333333333333332,0.1999999999999999,2,-2.4807596997161543,0.7139999941588776,,,,
104597,Nicolas Almagro,0.0990990990990991,0.018018018018018,0.8571428571428571,0.6153846153846154,0.8333333333333334,0.0,1,-2.9737653289450887,0.9811951290355247,,,,
106078,Egor Gerasimov,0.1134986225895316,0.0393939393939393,0.7391304347826086,0.585958595859586,0.6024590163934426,0.3460076045627376,46,-1.2969606787435868,0.5746113571659084,,,,
106218,Marcos Giron,0.057369814651368,0.0194174757281553,0.6832253419726422,0.5289855072463768,0.6111111111111112,0.3646408839779005,26,-0.433183406547297,-0.789208486276593,,,,
200514,Jurij Rodionov,0.0699677072120559,0.0290635091496232,0.660472972972973,0.5426621160409556,0.6022727272727273,0.4181818181818182,10,-0.2909542530975519,-0.5804956958551195,,,,
126205,Tommy Paul,0.0590322580645161,0.0251612903225806,0.6941747572815534,0.5673575129533679,0.6015037593984962,0.4258555133079847,38,-0.4243401313019231,-0.7298299522292648,,,,
104672,Vincent Millot,0.0592592592592592,0.0444444444444444,0.7108433734939759,0.6756756756756757,0.6363636363636364,0.4,2,-0.4300921658581508,0.0097504585033598,,,,
111515,Thai Son Kwiatkowski,0.123076923076923,0.0461538461538461,0.68125,0.6075949367088608,0.3888888888888889,0.2727272727272727,3,-0.1564343201260797,1.129568823704136,,,,
133297,Yosuke Watanuki,0.0804597701149425,0.0632183908045977,0.7411167512690355,0.6403508771929824,0.5925925925925926,0.4666666666666667,5,-0.6487526281255341,0.6300529245413555,,,,
111790,Brayden Schnur,0.0958083832335329,0.0359281437125748,0.6994884910485933,0.5181818181818182,0.6557377049180327,0.3636363636363636,14,-1.0532479001166908,0.0663202257316683,,,,
127339,Borna Gojo,0.0704225352112676,0.0422535211267605,0.6704545454545454,0.4888888888888889,0.6060606060606061,0.25,4,-0.3334150401236703,0.2923085017646029,,,,
200005,Ugo Humbert,0.0881943369952034,0.0369797307751818,0.7435180477885104,0.5706140350877194,0.6495049504950495,0.374031007751938,77,-1.2234480245954324,0.1342246547026055,,,,
123768,Collin Altamirano,0.053763440860215,0.032258064516129,0.7555555555555555,0.625,0.625,0.3333333333333333,1,-0.8082825396754163,-0.1301635187778561,,,,
202385,Jenson Brooksby,0.0424242424242424,0.0212121212121212,0.6313131313131313,0.5137614678899083,0.5681818181818182,0.5384615384615384,3,0.2945933670166952,-1.5074020642712165,,,,
200711,Nicolas Mejia,0.0612244897959183,0.0204081632653061,0.6176470588235294,1.4285714285714286,0.0,0.5,1,2.950578643826542,-0.1128201768230671,,,,
105691,Scott Griekspoor,0.0446428571428571,0.0625,0.6935483870967742,0.6521739130434783,0.5714285714285714,0.3333333333333333,1,0.2206557443367158,0.5809652991862918,,,,
127300,Jurabek Karimov,0.0533333333333333,0.1,0.6041666666666666,0.92,0.4705882352941176,0.5,2,1.6826901640294607,1.340910204198834,,,,
200218,Mate Valkusz,0.007380073800738,0.040590405904059,0.5804597701149425,0.6901408450704225,0.5263157894736842,0.3461538461538461,3,1.5532456535629748,-0.6462560106286481,,,,
105493,Tomislav Brkic,0.0654205607476635,0.0186915887850467,0.7391304347826086,1.1538461538461535,0.5555555555555556,0.3333333333333333,2,-0.2160952820097021,0.0328835108662442,,,,
138431,Darko Bojanovic,0.0869565217391304,0.0217391304347826,0.5384615384615384,0.8888888888888888,0.2,0.0,1,2.082194720561698,0.9411430737858346,,,,
105502,N Sriram Balaji,0.0677966101694915,0.0677966101694915,0.6071428571428571,0.8888888888888888,0.375,1.0,1,1.5465434896055794,-0.9176232737941064,,,,
105436,Markus Eriksson,0.0580645161290322,0.0161290322580645,0.6067961165048543,0.6521739130434783,0.5882352941176471,0.35,3,0.3077105213925549,-0.8855148752834154,,,,
111197,Jonathan Mridha,0.0825688073394495,0.0321100917431192,0.765625,0.7377049180327869,0.5,0.2857142857142857,2,-0.6978561039395371,0.4960842077024066,,,,
105757,Sandro Ehrat,0.064516129032258,0.003584229390681,0.73125,0.5368421052631579,0.5555555555555556,0.3125,4,-0.8107302442054704,-0.8682979895222048,,,,
106005,Constant Lestienne,0.0548780487804878,0.0396341463414634,0.6487804878048781,0.5576923076923077,0.5,0.4583333333333333,5,0.4292787870174696,-0.4848070907773864,,,,
111192,Lucas Miedler,0.0748299319727891,0.0068027210884353,0.6435643564356436,0.7647058823529411,0.5714285714285714,0.3636363636363636,2,-0.0884544580847401,-0.8482643567989132,,,,
104563,Luca Vanni,0.1327800829875518,0.0331950207468879,0.7571428571428571,0.5569620253164557,0.7142857142857143,0.3333333333333333,2,-2.12702656657123,0.559448431555327,,,,
105147,Tatsuma Ito,0.0591497227356746,0.044362292051756,0.6811145510835913,0.5028901734104047,0.5535714285714286,0.3953488372093023,6,-0.0681169803527561,-0.1260188135486719,,,,
111190,Zhizhen Zhang,0.0979591836734693,0.0122448979591836,0.7047619047619048,0.5894039735099338,0.6829268292682927,0.3548387096774194,7,-1.3341783868309829,-0.5228664921458661,,,,
104810,Zhe Li,0.0325342465753424,0.0154109589041095,0.6034912718204489,0.6204819277108434,0.532258064516129,0.3333333333333333,7,0.7981171143832235,-1.1001241913400297,,,,
106348,Evgeny Karlovskiy,0.1260504201680672,0.0252100840336134,0.7228915662650602,0.7894736842105263,0.9166666666666666,1.0,1,-2.333180580371613,-1.7914563531133172,,,,
106034,Yasutaka Uchiyama,0.0974643423137876,0.0309033280507131,0.7305236270753512,0.5186915887850467,0.6173913043478261,0.3333333333333333,16,-1.216990131464737,0.1248500618571163,,,,
122570,Mubarak Shannan Zayid,0.1052631578947368,0.0350877192982456,0.5666666666666667,0.7272727272727273,0.6,0.0,1,0.2207380556775324,1.1544689519814468,,,,
104327,Steve Darcis,0.0534082923401264,0.0245959241040056,0.6884875846501128,0.5110663983903421,0.6385542168674698,0.4222222222222223,20,-0.4964257419781119,-0.8751120066223143,,,,
126156,Antoine Hoang,0.0303907380607814,0.0542691751085383,0.6367614879649891,0.5792207792207792,0.5333333333333333,0.419047619047619,15,0.8306748194073756,-0.2149672798541238,,,,
117360,Marc Polmans,0.0444856348470806,0.0352177942539388,0.6426592797783933,0.574750830564784,0.6,0.3958333333333333,9,0.2339460962766901,-0.5966200971451521,,,,
104386,Janko Tipsarevic,0.0556206088992974,0.0292740046838407,0.6823529411764706,0.5301794453507341,0.6547619047619048,0.4409448818897638,18,-0.4784872951192921,-0.7839990058499193,,,,
200247,Alexandar Lazarov,0.0476190476190476,0.0476190476190476,0.5454545454545454,0.875,0.2,0.0,3,2.6869443108290603,1.3087866245473625,,,,
202103,Francisco Cerundolo,0.0,0.0479041916167664,0.5673076923076923,0.6739130434782609,0.5454545454545454,0.6363636363636364,2,1.7215401446783098,-1.4425849713120855,,,,
200368,Jack Mingjie Lin,0.0,0.0333333333333333,0.5555555555555556,0.8888888888888888,0.5555555555555556,0.0,1,1.8474565946159247,0.2056885661411737,,,,
207182,Emilio Nava,0.037037037037037,0.0185185185185185,0.6486486486486487,2.0,0.3333333333333333,0.0,1,2.3340109156492512,1.404146682316442,,,,
106203,Pedro Sakamoto,0.048780487804878,0.048780487804878,0.56,1.3333333333333333,0.0,0.5,1,3.6767917956138634,0.3835904734693194,,,,
200221,Alejandro Davidovich Fokina,0.0198834418923551,0.0329105245114844,0.6278004073319755,0.5301062573789846,0.5705329153605015,0.4230769230769231,33,0.6866366555396312,-1.0361884342142091,,,,
206173,Jannik Sinner,0.0427036199095022,0.0271493212669683,0.6991565135895033,0.5437645236250969,0.6039603960396039,0.4285714285714286,47,-0.2815154041580814,-0.8510147694924903,,,,
109640,Andrea Basso,0.1,0.0166666666666666,0.5925925925925926,0.6923076923076923,0.2857142857142857,0.3333333333333333,1,1.0038851718816866,-0.189674465143244,,,,
106137,Tristan Lamasine,0.0272108843537414,0.0272108843537414,0.6868686868686869,0.5806451612903226,0.6153846153846154,0.5454545454545454,2,-0.0072308380487462,-1.3614943713231602,,,,
105731,Steven Diez,0.0191570881226053,0.0268199233716475,0.6363636363636364,0.4788732394366197,0.5217391304347826,0.3157894736842105,3,0.7047553918912582,-0.882509787838035,,,,
124186,Alexandre Muller,0.0375,0.0625,0.5333333333333333,0.875,0.4615384615384615,0.375,1,2.1139892576941395,0.2904419504804038,,,,
106293,Kimmer Coppejans,0.0277264325323475,0.0129390018484288,0.6446991404011462,0.559748427672956,0.5087719298245614,0.3913043478260869,8,0.5484473686303921,-1.3366812040649574,,,,
121531,Mats Moraing,0.2153846153846154,0.0615384615384615,0.8285714285714286,0.6111111111111112,0.5,0.0,1,-2.654535907491422,3.559418833910024,,,,
104868,James Ward,0.0738636363636363,0.0397727272727272,0.6728971962616822,0.6132075471698113,0.5806451612903226,0.3235294117647058,3,-0.2130798535356796,0.1554584718410163,,,,
105906,Kevin Krawietz,0.0962962962962963,0.0444444444444444,0.8045977011494253,0.6451612903225806,0.875,0.4,2,-2.445713057240756,0.3858353156610072,,,,
144985,Ergi Kirkin,0.0673076923076923,0.0288461538461538,0.6101694915254238,0.8333333333333334,0.5,0.6666666666666667,1,0.7405363792329798,-1.1688610633902647,,,,
206703,Paul Jubb,0.0251572327044025,0.0377358490566037,0.6363636363636364,0.4727272727272727,0.3333333333333333,0.6,2,1.3685570391242332,-1.239354467393403,,,,
106032,Facundo Arguello,0.0,0.0,0.5217391304347826,1.1428571428571428,0.3333333333333333,1.0,1,2.8554258367307424,-3.504008578926868,,,,
202400,Alastair Gray,0.1016949152542373,0.0508474576271186,0.6451612903225806,0.6923076923076923,0.5,0.1666666666666666,1,0.1011292796379479,1.2868484067921306,,,,
105091,Peter Torebko,0.0,0.0265486725663716,0.6428571428571429,0.68,0.4285714285714285,0.4444444444444444,1,1.384845260684162,-1.2254079174638828,,,,
126237,Gian Marco Moroni,0.0353982300884955,0.0442477876106194,0.7323943661971831,0.7037037037037037,0.7142857142857143,0.5714285714285714,2,-0.5550715067539355,-0.7360812938994539,,,,
109699,Julian Lenz,0.0555555555555555,0.0555555555555555,0.5740740740740741,0.4358974358974359,0.3571428571428571,0.2857142857142857,2,1.5025419256566628,0.3458630541991451,,,,
127157,Daniel Altmaier,0.0581583198707592,0.0323101777059773,0.6796657381615598,0.5497835497835498,0.625,0.3653846153846154,7,-0.3449125237759512,-0.4106227228044197,,,,
111453,Mikael Torpegaard,0.0217391304347826,0.0543478260869565,0.7321428571428571,0.875,0.6,0.1999999999999999,2,0.2325541153401937,0.7685499465821117,,,,
117353,Duck Hee Lee,0.0641025641025641,0.1025641025641025,0.6235294117647059,0.6744186046511628,0.4666666666666667,0.3043478260869565,2,1.218554281547576,1.9610703238385487,,,,
104804,Amir Weintraub,0.0,0.0526315789473684,0.32,3.0,0.4545454545454545,0.0,1,6.030061003609464,2.0292812582438646,,,,
106031,Raymond Sarmiento,0.0289855072463768,0.0434782608695652,0.4864864864864865,0.625,0.4444444444444444,0.6666666666666667,1,2.267692860168839,-1.5231227155392593,,,,
208260,Zachary Svajda,0.0109289617486338,0.0163934426229508,0.5671641791044776,0.9629629629629628,0.55,0.4375,1,1.5864940990235012,-1.4153251586672897,,,,
104735,Tobias Kamke,0.0,0.0727272727272727,0.6666666666666666,0.6153846153846154,0.6,0.3333333333333333,1,0.9077102092010488,0.328855114140656,,,,
144946,Rayane Roumane,0.2,0.0545454545454545,0.8823529411764706,1.1111111111111112,0.3333333333333333,0.0,1,-1.915353254893733,3.847504788843013,,,,
105339,Yan Bai,0.0760869565217391,0.0,0.7169811320754716,0.7619047619047619,0.6,0.4285714285714286,2,-0.8200300802981313,-1.0911324267562394,,,,
104424,Go Soeda,0.0443349753694581,0.0246305418719211,0.6891891891891891,0.5825242718446602,0.5925925925925926,0.4,8,-0.1705849422381405,-0.8038100100345467,,,,
110748,Nikola Milojevic,0.0437636761487965,0.0459518599562363,0.6988847583643123,0.6274509803921569,0.5,0.3934426229508196,6,0.2881143460536345,-0.0473262072546633,,,,
200553,Alen Avidzba,0.0863309352517985,0.0575539568345323,0.7051282051282052,0.6764705882352942,0.5555555555555556,0.5714285714285714,2,-0.3252006485211874,0.1822724305045626,,,,
208230,Alibek Kachmazov,0.0481927710843373,0.072289156626506,0.5348837209302325,0.6666666666666666,0.3333333333333333,0.4,1,2.309798485232271,0.5298542359112984,,,,
144984,Artem Dubrivnyy,0.0294117647058823,0.0147058823529411,0.4651162790697674,0.8333333333333334,0.3333333333333333,0.5,1,2.7716216128764053,-1.6471125155168702,,,,
126149,Gianluca Mager,0.0701195219123506,0.0318725099601593,0.6964504283965728,0.5652173913043478,0.6666666666666666,0.3763440860215054,13,-0.7504801648760685,-0.319073816863808,,,,
105254,Nikola Mektic,0.0754716981132075,0.0566037735849056,0.5517241379310345,0.8,0.3333333333333333,0.0,1,1.8470659535474292,1.7015109609596597,,,,
122298,Botic van de Zandschulp,0.1111111111111111,0.0666666666666666,0.6923076923076923,1.6,0.2,0.0,1,1.5945559643367344,3.3969420575645946,,,,
123983,Nerman Fatic,0.0491803278688524,0.0983606557377049,0.6052631578947368,1.125,0.5,0.5,1,1.7914397481040176,1.400017018984763,,,,
105963,Arthur De Greef,0.1914893617021276,0.0212765957446808,0.6923076923076923,1.0,0.4,0.0,1,-0.944308228855372,2.242744117235322,,,,
208103,Jiri Lehecka,0.087378640776699,0.058252427184466,0.6271186440677966,0.52,0.6666666666666666,0.2857142857142857,1,-0.2615118536371222,0.7015420035779885,,,,
105954,Peter Nagy,0.0,0.0967741935483871,0.6666666666666666,0.8888888888888888,0.6923076923076923,0.0,1,1.0136781007877436,2.1930046222223454,,,,
121896,Gabor Borsos,0.0535714285714285,0.0357142857142857,0.6176470588235294,0.6428571428571429,0.6666666666666666,0.0,1,0.1460491669133022,0.6601800457267734,,,,
200343,David Szintai,0.0853658536585365,0.0365853658536585,0.717391304347826,0.5,0.8,0.0,1,-1.5809904150450411,1.0071825123223517,,,,
106223,Aleksandre Metreveli,0.0520833333333333,0.0520833333333333,0.6339285714285714,0.6415094339622641,0.5217391304347826,0.6666666666666667,3,0.6746627351571268,-0.76328820662797,,,,
208364,Franco Roncadelli,0.0,0.0222222222222222,0.5,0.7857142857142857,0.3125,0.3333333333333333,2,2.9417758255188686,-1.1600701513265887,,,,
126612,Alexander Cozbinov,0.0168776371308016,0.0210970464135021,0.5641025641025641,0.5769230769230769,0.4333333333333333,0.4,3,1.6362294295276123,-1.3429439634890843,,,,
200390,Kacper Zuk,0.0669856459330143,0.0287081339712918,0.7226890756302521,0.6349206349206349,0.8076923076923077,0.2352941176470588,3,-1.3672494428582205,-0.0002714885802488,,,,
133018,Michail Pervolarakis,0.0207253886010362,0.0518134715025906,0.6703296703296703,0.5058823529411764,0.5454545454545454,0.25,3,0.56054985564292,0.1371667610475479,,,,
106408,Mario Vilella Martinez,0.0472440944881889,0.0157480314960629,0.7432432432432432,0.6451612903225806,0.7142857142857143,0.5,1,-1.053753202585986,-1.2530930712730903,,,,
104229,Yen Hsun Lu,0.0382165605095541,0.0445859872611464,0.627906976744186,0.6666666666666666,0.5909090909090909,0.0909090909090909,2,0.6044033400510322,0.5865923209050026,,,,
126214,Alejandro Tabilo,0.0648854961832061,0.0248091603053435,0.7050147492625368,0.6258064516129033,0.6052631578947368,0.3783783783783784,6,-0.541735738993282,-0.4699130743838909,,,,
106331,Christopher O'Connell,0.0611702127659574,0.0159574468085106,0.6903765690376569,0.5981308411214953,0.7272727272727273,0.5263157894736843,3,-0.899596388722941,-1.3535171562190988,,,,
106302,Andrew Harris,0.0481927710843373,0.0481927710843373,0.6610169491525424,1.7142857142857142,0.4444444444444444,0.0,1,1.6970898389237266,2.0912091771506924,,,,
105841,Lorenzo Giustino,0.0222772277227722,0.0396039603960396,0.5809128630705395,0.4881889763779528,0.4528301886792453,0.5,3,1.441107131246583,-1.1050209965289386,,,,
126663,Juan Pablo Ficovich,0.0285714285714285,0.0285714285714285,0.6444444444444445,1.4444444444444444,0.4545454545454545,0.4285714285714286,1,1.636319126681068,-0.2330527275531626,,,,
111505,Enzo Couacaud,0.1304347826086956,0.0144927536231884,0.7142857142857143,1.25,0.3333333333333333,0.3333333333333333,1,0.0209030964244974,0.7326508809217079,,,,
105406,Roberto Marcora,0.0582010582010582,0.0158730158730158,0.7416666666666667,0.75,0.75,0.6363636363636364,3,-1.2006388477888372,-1.4991525093822065,,,,
124154,Sasi Kumar Mukund,0.0704225352112676,0.056338028169014,0.7073170731707317,0.7692307692307693,0.7272727272727273,0.25,1,-0.677755540794075,0.9227163154840476,,,,
207680,Facundo Diaz Acosta,0.0625,0.1,0.6666666666666666,1.0,0.6363636363636364,0.2857142857142857,1,0.5880077502822297,2.165194806221104,,,,
208108,Brian Shi,0.0735294117647058,0.0294117647058823,0.5789473684210527,0.7857142857142857,0.4444444444444444,0.6666666666666667,1,1.0602596994746047,-1.1589283205333094,,,,
105905,Danilo Petrovic,0.0905797101449275,0.0760869565217391,0.6363636363636364,0.6029411764705882,0.6590909090909091,0.4642857142857143,4,-0.1302600242482066,0.8017867899601465,,,,
206909,Brandon Nakashima,0.0729613733905579,0.0257510729613733,0.7208480565371025,0.6821192052980133,0.6666666666666666,0.4814814814814815,5,-0.9139205748342624,-0.6390695357513265,,,,
105877,Emilio Gomez,0.0372340425531914,0.0212765957446808,0.6452991452991453,0.5258620689655172,0.4864864864864865,0.4,4,0.5421873208116854,-1.037872738588108,,,,
208004,Harold Mayot,0.0336538461538461,0.0144230769230769,0.6320754716981132,0.5679012345679012,0.5333333333333333,0.3333333333333333,2,0.5074191908701229,-1.0981922723605315,,,,
207989,Carlos Alcaraz Garfia,0.0256410256410256,0.0384615384615384,0.6644736842105263,0.6491228070175439,0.5833333333333334,0.2424242424242424,2,0.4390757701863914,-0.102615326318893,,,,
200335,Felipe Meligeni Rodrigues Alves,0.0389610389610389,0.0129870129870129,0.55,1.2,0.5,1.0,1,1.7471854533238576,-2.7541435195152872,,,,
207518,Lorenzo Musetti,0.0361216730038022,0.0247148288973384,0.6795252225519288,0.5632911392405063,0.6304347826086957,0.4893617021276596,8,-0.1449549233356166,-1.2170444231809638,,,,
144642,Marcelo Tomas Barrios Vera,0.0601851851851851,0.0231481481481481,0.7131147540983607,0.5,0.6521739130434783,0.2727272727272727,3,-0.8362018116574791,-0.3615039353590111,,,,
200670,J.J. Wolf,0.0927835051546391,0.0695876288659793,0.7122641509433962,0.5588235294117647,0.4705882352941176,0.5,5,-0.1745077358739447,0.7924253262381035,,,,
202195,Maxime Cressy,0.205607476635514,0.116822429906542,0.7540983606557377,0.6610169491525424,0.6875,0.5,2,-2.137541296371497,3.2932535016735778,,,,
200265,Ulises Blanch,0.0817610062893081,0.0314465408805031,0.7011494252873564,0.6410256410256411,0.6875,0.3333333333333333,1,-0.9341995745689848,-0.0295025861522964,,,,
105723,Andrey Kuznetsov,0.1204188481675392,0.0209424083769633,0.736,0.4705882352941176,0.6666666666666666,0.4,2,-1.8232704258941816,-0.2023709683049799,,,,
126239,Arthur Rinderknech,0.0805369127516778,0.0134228187919463,0.6804123711340206,0.8333333333333334,0.7142857142857143,0.0,1,-0.8260961128221667,0.5375591498212348,,,,
207830,Tomas Machac,0.0102564102564102,0.0205128205128205,0.5877862595419847,0.7272727272727273,0.7407407407407407,0.6428571428571428,1,0.6000788673648328,-2.206774593566997,,,,
126504,Andrea Pellegrino,0.0083333333333333,0.0333333333333333,0.5833333333333334,0.6666666666666666,0.3846153846153846,0.5,2,1.9355287834131,-1.2255813944103564,,,,
206748,Giulio Zeppieri,0.0129870129870129,0.0519480519480519,0.7142857142857143,0.9090909090909092,0.7,0.3333333333333333,1,0.1406285494951369,0.1254551564903362,,,,
126128,Roman Safiullin,0.018018018018018,0.009009009009009,0.6363636363636364,0.6764705882352942,0.4444444444444444,0.3529411764705882,2,1.0241185515548676,-1.3078089959590649,,,,
106234,Aslan Karatsev,0.069047619047619,0.0571428571428571,0.7434782608695653,0.581081081081081,0.6470588235294118,0.4814814814814815,5,-0.8189727774825042,0.2149148912415566,,,,
200303,Pavel Kotov,0.0459770114942528,0.0229885057471264,0.6730769230769231,0.8666666666666667,0.7142857142857143,0.25,1,-0.2503223628003029,-0.2724227405435814,,,,
207608,Timofey Skatov,0.0,0.0851063829787234,0.3611111111111111,1.75,0.5,1.0,1,4.7095333523896175,-1.015972656043124,,,,
126964,Vitaliy Sachko,0.0375,0.05,0.5614035087719298,1.375,0.3333333333333333,0.6666666666666667,1,2.693825112235298,-0.3983218223686626,,,,
207797,Jonas Forejtek,0.0756302521008403,0.0168067226890756,0.7466666666666667,0.5862068965517241,0.6666666666666666,0.5714285714285714,2,-1.297422714393765,-1.165878328842297,,,,
105011,Illya Marchenko,0.0772727272727272,0.0409090909090909,0.6838235294117647,0.6307692307692307,0.5625,0.3043478260869565,3,-0.2504904670612049,0.3313675110821488,,,,
209867,Daniil Ostapenkov,0.0,0.125,0.55,1.75,0.5,0.0,1,3.5592656480973246,3.589658393958884,,,,
105434,Ruan Roelofse,0.0632911392405063,0.0253164556962025,0.5510204081632653,0.631578947368421,0.625,0.5,1,0.6002428912205339,-1.1881685030780214,,,,
133979,Hasan Ibrahim,0.0089285714285714,0.0178571428571428,0.7317073170731707,0.8888888888888888,0.875,0.3333333333333333,1,-0.8335196628034486,-1.0061323675400733,,,,
108772,Julius Tverijonas,0.0377358490566037,0.0566037735849056,0.6896551724137931,1.0,0.5,0.0,1,0.8402224059593266,1.6769832093793575,,,,
126609,Patrik Niklas Salminen,0.0892857142857142,0.0714285714285714,0.8787878787878788,0.7142857142857143,1.0,0.3333333333333333,1,-3.0940811875096554,1.4319393339269473,,,,
202261,Otto Virtanen,0.0789473684210526,0.0631578947368421,0.6724137931034483,0.6190476190476191,0.6666666666666666,0.8,2,-0.3762114855005493,-0.6187901883145276,,,,
206716,Lukas Hellum Lilleengen,0.0555555555555555,0.0277777777777777,0.782608695652174,1.0,0.6666666666666666,0.75,1,-0.8782952840946964,-1.1723759775709546,,,,
209868,Kaipo Marshall,0.0232558139534883,0.0930232558139534,0.45,0.7777777777777778,0.25,0.3333333333333333,1,3.806332070320424,1.0505529217697147,,,,
106247,Nik Razborsek,0.0689655172413793,0.0344827586206896,0.6883116883116883,0.85,0.7777777777777778,0.3333333333333333,1,-0.7865080614303573,0.0093024272440864,,,,
131951,Daniel Cukierman,0.0533333333333333,0.0266666666666666,0.7291666666666666,0.7142857142857143,0.9,0.75,1,-1.513244317692468,-1.7420019881576008,,,,
127326,Ben Patael,0.03,0.02,0.5909090909090909,0.8235294117647058,0.5833333333333334,0.4166666666666666,1,0.9648742026450804,-1.1442823752567628,,,,
126555,Tung Lin Wu,0.0654761904761904,0.0238095238095238,0.6796116504854369,0.68,0.75,0.5,2,-0.8138609532449625,-0.977146469362117,,,,
110686,Finn Tearney,0.05,0.1333333333333333,0.7317073170731707,1.25,0.7142857142857143,0.5,1,0.4517662581795831,2.649394225360152,,,,
105334,Luis David Martinez,0.0465116279069767,0.0116279069767441,0.7142857142857143,0.8823529411764706,0.625,0.3333333333333333,1,-0.3365128832142418,-0.6823023270519559,,,,
208055,Ajeet Rai,0.0857142857142857,0.0476190476190476,0.7142857142857143,0.7894736842105263,0.6666666666666666,0.375,1,-0.7520454717511842,0.5162058735883175,,,,
200267,Zizou Bergs,0.0862068965517241,0.0229885057471264,0.6724137931034483,0.725,0.75,0.5,2,-0.9726786124768854,-0.7763063202861543,,,,
208134,Luca Nardi,0.0259740259740259,0.0519480519480519,0.6744186046511628,1.0,0.4444444444444444,0.4,1,1.2585294799553428,0.2192046467510823,,,,
