id,name,ace,df,1stWon,2ndWon,bpSaved,bpLost,matches,hard,clay,grass,Y1,Y2
104925,Novak Djokovic,0.0777404921700223,0.03831096196868,0.7539130434782608,0.5955947136563877,0.6707818930041153,0.4346793349168646,46,30,11,0,-0.925807000507102,0.0617450576233744
104745,Rafael Nadal,0.0620553359683794,0.0260869565217391,0.7466007416563659,0.6351674641148325,0.675,0.4928057553956835,34,18,9,0,-0.8005352600527867,-0.4223597250408434
105138,Roberto Bautista Agut,0.0413293566254793,0.0230080954409884,0.6806349206349206,0.6064425770308123,0.6310679611650486,0.4208754208754208,28,16,4,0,0.0350474926168755,-0.6270215428090081
105583,Dusan Lajovic,0.0350877192982456,0.0175438596491228,0.6,0.0,0.5,0.4,1,0,0,0,1.356194488026239,0.2463291553298978
106421,Daniil Medvedev,0.1261997867045858,0.0351937433345183,0.7794031597425395,0.5965447154471545,0.6368715083798883,0.4153354632587859,38,28,0,0,-1.5337356828808684,0.3887714021691009
111575,Karen Khachanov,0.0760309278350515,0.0296391752577319,0.7232546459065796,0.5577492596248766,0.6041666666666666,0.450199203187251,35,16,4,0,-0.5469070225647056,-0.0252842915930458
200282,Alex De Minaur,0.0384800384800384,0.0303030303030303,0.6974198592650508,0.5480769230769231,0.6170212765957447,0.4293478260869565,23,13,0,0,0.0269170851372819,-0.3101637346108503
106401,Nick Kyrgios,0.208284023668639,0.029585798816568,0.7814569536423841,0.6153846153846154,0.7222222222222222,0.5,9,6,0,0,-2.7179619779706816,0.6337381440077319
133430,Denis Shapovalov,0.1060449050086355,0.0652849740932642,0.7525714285714286,0.594048884165781,0.6415929203539823,0.3639575971731449,32,12,5,0,-1.07381513481717,1.0039599928334215
200000,Felix Auger Aliassime,0.1135508155583437,0.0548933500627352,0.7477832512315271,0.5987654320987654,0.6628352490421456,0.3468634686346863,42,22,1,0,-1.1731665418163482,0.7115008475895
106043,Diego Schwartzman,0.0169594185342216,0.036038764385221,0.6489618541767262,0.5556561085972851,0.5683890577507599,0.4666666666666667,41,10,15,0,0.6665860414966064,-0.2558348573819242
105550,Guido Pella,0.0461538461538461,0.0615384615384615,0.6666666666666666,0.7142857142857143,0.4,0.1666666666666666,1,0,0,0,0.7667265684852804,0.600621812311219
105554,Daniel Evans,0.0300751879699248,0.0075187969924812,0.6477272727272727,0.6538461538461539,0.5555555555555556,0.2307692307692307,1,1,0,0,0.6461679889324938,-1.1712544435642676
111815,Cameron Norrie,0.0212765957446808,0.0851063829787234,0.5714285714285714,0.0,0.2857142857142857,0.1666666666666666,1,0,0,0,2.436619652513979,2.253680309447534
105676,David Goffin,0.0616113744075829,0.0459715639810426,0.710016155088853,0.5243741765480896,0.5783783783783784,0.4108910891089109,23,12,0,0,-0.173261461624212,0.3852721144775039
106293,Kimmer Coppejans,0.0545454545454545,0.0181818181818181,0.575,0.0,0.5,0.3333333333333333,1,0,0,0,1.3628571377003211,0.3330259782509634
104792,Gael Monfils,0.0870076425631981,0.0523221634332745,0.7183708838821491,0.5809312638580931,0.6328125,0.4035087719298246,23,16,0,0,-0.6547008497619844,0.5414592526212785
105332,Benoit Paire,0.1146744412050534,0.0733722060252672,0.7538185085354897,0.5282051282051282,0.605,0.3756345177664975,23,9,1,0,-1.048451206262306,1.4575882305987784
104731,Kevin Anderson,0.1619047619047619,0.0285714285714285,0.7323943661971831,0.9230769230769232,0.875,0.25,1,0,0,0,-2.252360090245236,-0.6415953883130149
144750,Lloyd Harris,0.15625,0.0520833333333333,0.7301587301587301,0.0,0.75,1.0,1,0,0,0,-1.820766257841254,1.934486157919544
106426,Cristian Garin,0.055817610062893,0.0507075471698113,0.7005758157389635,0.5539739027283511,0.5555555555555556,0.4031007751937985,30,3,15,0,-0.004250530682245,0.4596400571631038
111797,Nicolas Jarry,0.125,0.0138888888888888,0.6666666666666666,0.8333333333333334,0.5714285714285714,0.5,1,0,0,0,-0.8680841034031015,-0.5158585875119216
104468,Gilles Simon,0.0285714285714285,0.0714285714285714,0.7446808510638298,0.0,0.625,0.25,1,1,0,0,0.3516701768323975,1.5129537274408882
106415,Yoshihito Nishioka,0.0,0.0289855072463768,0.6666666666666666,0.0,0.4,0.25,1,0,0,0,1.6496376667190509,0.5253106792268708
104424,Go Soeda,0.0666666666666666,0.0166666666666666,0.6842105263157895,0.0,0.625,0.0,1,0,0,0,0.473349066648927,0.1023264132476649
105932,Nikoloz Basilashvili,0.0519480519480519,0.0649350649350649,0.6216216216216216,0.625,0.5,0.6,1,0,0,0,0.5062491245652305,0.8178301501660621
106223,Aleksandre Metreveli,0.0746268656716417,0.0298507462686567,0.4878048780487805,0.8571428571428571,0.5714285714285714,0.0,1,0,0,0,1.2538270088457224,-0.9050045636269312
104655,Pablo Cuevas,0.1509433962264151,0.0377358490566037,0.6388888888888888,0.0,0.5,0.0,1,0,0,0,0.1667519713290028,1.4266979473807964
208364,Franco Roncadelli,0.0,0.0,0.4838709677419355,0.0,0.4,0.3333333333333333,1,0,0,0,2.770819876154808,-0.4351113329427973
105899,Martin Cuevas,0.0769230769230769,0.0307692307692307,0.5853658536585366,0.8888888888888888,0.5,0.0,1,0,0,0,0.7226009725662528,-0.656300313457098
104327,Steve Darcis,0.108695652173913,0.0217391304347826,0.84375,0.0,0.0,0.5,1,1,0,0,0.0040460936043067,2.1705328816876643
105777,Grigor Dimitrov,0.050423402617398,0.0508083140877598,0.7025355596784169,0.5912938331318017,0.6567796610169492,0.4471544715447154,30,12,6,0,-0.2485372224823493,0.1944402462312668
106220,Dimitar Kuzmanov,0.0,0.0,0.6388888888888888,0.8888888888888888,0.6666666666666666,0.5555555555555556,1,1,0,0,0.3630303220633829,-2.005508661609822
105430,Radu Albot,0.0476190476190476,0.0317460317460317,0.5897435897435898,0.9,0.6363636363636364,0.0,1,0,0,0,0.6941978608633363,-1.1053589151990089
126612,Alexander Cozbinov,0.0172413793103448,0.0172413793103448,0.5833333333333334,0.9444444444444444,0.4285714285714285,0.4285714285714286,1,0,0,0,1.1672924549201344,-1.166618239282304
104926,Fabio Fognini,0.0550325850832729,0.0434467776973207,0.699228791773779,0.5858778625954199,0.5757575757575758,0.4255319148936169,15,4,1,0,-0.0792651492245225,0.1798339216551522
105882,Stefano Travaglia,0.0862068965517241,0.0517241379310344,0.7333333333333333,0.9090909090909092,0.2,0.6666666666666667,1,0,0,0,-0.1803787266407539,1.0169449577831575
104545,John Isner,0.2362423568649249,0.0355753196220122,0.7805255023183926,0.6336405529953917,0.7722772277227723,0.2891566265060241,20,9,1,0,-2.9740296538156543,0.7573877623544615
126203,Taylor Fritz,0.1235955056179775,0.0674157303370786,0.7924528301886793,0.0,0.4285714285714285,0.3333333333333333,1,0,0,0,-0.6185947323805624,2.522628136992921
134770,Casper Ruud,0.0307692307692307,0.0153846153846153,0.6923076923076923,0.0,0.5,0.3333333333333333,1,0,0,0,0.837919182742041,0.2378360364083585
126340,Viktor Durasovic,0.0476190476190476,0.0952380952380952,0.55,0.7777777777777778,0.5,0.0,1,0,0,0,1.4197040541157837,1.011174786914323
106432,Borna Coric,0.0467289719626168,0.0186915887850467,0.7258064516129032,0.75,0.6666666666666666,0.3333333333333333,1,1,0,0,-0.4393002681714511,-0.9799468330262396
106233,Dominic Thiem,0.0709302325581395,0.029360465116279,0.7426605504587156,0.5678040244969379,0.6570247933884298,0.4207317073170732,34,19,6,0,-0.7256931592395478,-0.1764783359600911
105227,Marin Cilic,0.1595744680851064,0.0319148936170212,0.8275862068965517,0.6956521739130435,1.0,0.4,1,1,0,0,-3.104378762311453,-0.2872860644628616
110602,Dennis Novak,0.1067961165048543,0.0194174757281553,0.7076923076923077,0.6666666666666666,0.6,0.0,1,0,0,0,-0.5069136657122423,-0.4791484903963444
128034,Hubert Hurkacz,0.081967213114754,0.0163934426229508,0.7432432432432432,0.7272727272727273,0.8,0.1666666666666666,1,1,0,0,-1.1020020906137418,-1.0904106346329434
200390,Kacper Zuk,0.0530973451327433,0.0353982300884955,0.7611940298507462,0.8095238095238095,0.6923076923076923,0.3076923076923077,1,1,0,0,-0.804980751389214,-0.5962399194671809
111794,Kamil Majchrzak,0.037037037037037,0.037037037037037,0.7,0.75,0.6666666666666666,0.4285714285714286,1,0,0,0,-0.215811287977708,-0.5362522188250647
126774,Stefanos Tsitsipas,0.0924395469850015,0.0266299357208448,0.7630711257654262,0.620722433460076,0.6420454545454546,0.391156462585034,44,18,9,0,-1.0768123411659938,-0.1456467376043477
100644,Alexander Zverev,0.123355743934522,0.0643086816720257,0.7698887938408896,0.5667447306791569,0.6081632653061224,0.4346590909090909,39,25,3,0,-1.3377641289769209,1.2538676875326933
105526,Jan Lennard Struff,0.1454545454545454,0.0363636363636363,0.7297297297297297,0.9,0.6666666666666666,0.5,1,1,0,0,-1.7481846053248271,0.0154394717136043
133018,Michail Pervolarakis,0.0612244897959183,0.0816326530612244,0.4583333333333333,0.5714285714285714,0.5,0.3333333333333333,1,0,0,0,1.7500422067746515,1.09200696406978
105357,John Millman,0.1395348837209302,0.0348837209302325,0.7857142857142857,0.7142857142857143,0.8,0.5,1,1,0,0,-2.237488260439856,0.019851938246847
126094,Andrey Rublev,0.110305958132045,0.0203972088030059,0.7896396396396397,0.5731364275668073,0.6375,0.4444444444444444,51,31,10,0,-1.452902091946218,-0.0571363027389335
144895,Corentin Moutet,0.0,0.0483870967741935,0.5416666666666666,0.0,0.5,0.5,1,0,0,0,2.0817321563438003,0.8204944387884769
104527,Stan Wawrinka,0.1095957135898684,0.0189965903555772,0.752836304700162,0.5539661898569571,0.6477987421383647,0.3701657458563536,23,13,2,0,-1.155496937975892,-0.1695737671626996
200175,Miomir Kecmanovic,0.0,0.02,0.4666666666666667,0.8,0.3333333333333333,0.0,1,0,0,0,2.7770051773669886,-1.142886131632431
105379,Aljaz Bedene,0.1428571428571428,0.0204081632653061,0.88,0.9,0.5,0.0,1,0,0,0,-1.9724728590681813,-0.1601060234871207
104269,Fernando Verdasco,0.0888888888888888,0.0333333333333333,0.676923076923077,0.0,0.5,0.3333333333333333,1,0,0,0,0.3277342227469136,1.093117339184186
105916,Marton Fucsovics,0.125,0.0416666666666666,0.4375,0.0,0.5,0.25,1,0,0,0,1.6007906349539949,1.2360621105760656
105732,Pierre Hugues Herbert,0.1351351351351351,0.0405405405405405,0.7,1.0,0.5,0.1666666666666666,1,0,0,0,-0.8647429757805872,0.0446582875881397
104871,Jeremy Chardy,0.015625,0.046875,0.675,0.8181818181818182,0.6666666666666666,0.1428571428571429,1,0,0,0,0.3670773603497455,-0.6800113434316012
122330,Alexander Bublik,0.1515151515151515,0.0606060606060606,0.7804878048780488,0.9090909090909092,0.6666666666666666,0.0,1,0,0,0,-1.7483830815617547,0.5231176819184302
105683,Milos Raonic,0.2273313278899871,0.0472711645896003,0.8290540540540541,0.6396148555708391,0.7647058823529411,0.3626943005181346,33,22,1,0,-3.2306890222910485,1.1111382976405495
105936,Filip Krajinovic,0.0202020202020202,0.0303030303030303,0.631578947368421,0.0,0.7894736842105263,0.25,1,0,0,0,0.7756694045344458,-0.1097441561370515
117356,Cem Ilkel,0.0217391304347826,0.0652173913043478,0.5357142857142857,0.8888888888888888,0.5,0.25,1,0,0,0,1.4975568438311635,-0.0391482150925126
104542,Jo-Wilfried Tsonga,0.0350877192982456,0.0175438596491228,0.7,0.0,0.3333333333333333,0.0,1,0,0,0,1.3783718747185243,0.5054738739282922
111513,Laslo Djere,0.0425531914893617,0.0425531914893617,0.53125,0.0,0.2857142857142857,1.0,1,0,0,0,1.787980716701563,1.5899159878414932
105062,Mikhail Kukushkin,0.0208333333333333,0.0,0.5925925925925926,0.75,0.5555555555555556,0.5,1,0,0,0,0.8342090980146988,-1.5202744733324989
106296,Gregoire Barrere,0.1034482758620689,0.0114942528735632,0.6875,0.0,0.7142857142857143,0.1428571428571429,1,0,0,0,-0.2672468268105521,0.1047241405065141
144707,Mikael Ymer,0.036144578313253,0.0481927710843373,0.6140350877192983,0.7777777777777778,0.4,0.6666666666666667,1,0,0,0,0.7851469910711368,0.2491400181633668
105173,Adrian Mannarino,0.0208333333333333,0.0416666666666666,0.6071428571428571,0.75,0.4,0.25,1,0,0,0,1.3287759552480547,-0.1906114407155348
105815,Tennys Sandgren,0.1,0.0,0.7307692307692307,0.0,0.6666666666666666,0.0,1,0,0,0,-0.3115368540029792,-0.1502456571053387
104665,Pablo Andujar,0.044776119402985,0.0149253731343283,0.6739130434782609,1.0,0.6,0.0,1,0,0,0,0.1630864437520598,-1.556863399964731
106378,Kyle Edmund,0.064516129032258,0.021505376344086,0.532258064516129,1.0,0.5,0.3846153846153846,1,0,0,0,0.8311252841929397,-1.039755080854154
126207,Frances Tiafoe,0.0198019801980198,0.0099009900990099,0.6176470588235294,0.8333333333333334,0.6363636363636364,0.3,1,0,0,0,0.6022517637244421,-1.6074921158937805
105575,Ricardas Berankis,0.0357142857142857,0.0357142857142857,0.660377358490566,0.8125,0.5555555555555556,0.1999999999999999,1,0,0,0,0.4477839437844229,-0.6105989399568966
111442,Jordan Thompson,0.0606060606060606,0.0151515151515151,0.65,1.0,0.7,0.0,1,0,0,0,-0.0779541689082268,-1.6693620295337774
132283,Lorenzo Sonego,0.0666666666666666,0.04,0.5957446808510638,0.0,0.4,0.4285714285714286,1,0,0,0,1.271622117377898,1.2681604446187391
106065,Marco Cecchinato,0.0338983050847457,0.0169491525423728,0.625,0.6923076923076923,0.5714285714285714,1.0,1,0,0,0,0.1136206955626837,-0.6478738677133458
104291,Malek Jaziri,0.0681818181818181,0.0454545454545454,0.391304347826087,0.8,0.4444444444444444,0.0,1,0,0,0,2.3107659646972825,-0.3071018984379923
126205,Tommy Paul,0.04,0.03,0.6379310344827587,0.6818181818181818,0.4285714285714285,0.5,1,0,0,0,0.6920042492180194,-0.1770844631483477
105077,Albert Ramos,0.0714285714285714,0.0357142857142857,0.65625,0.6923076923076923,0.5,0.0,1,0,0,0,0.4481287326021588,-0.1800561610666109
105807,Pablo Carreno Busta,0.0588235294117647,0.0194829524166354,0.6967349197565025,0.55375,0.6217391304347826,0.3737024221453286,32,16,4,0,-0.1730463421568632,-0.5103011996900673
106109,Alex Bolt,0.04,0.04,0.53125,0.0,0.4444444444444444,0.0,1,0,0,0,2.2178014354669915,0.7253176210226815
144719,Jaume Munar,0.0454545454545454,0.0757575757575757,0.5882352941176471,0.0,0.5555555555555556,0.2727272727272727,1,0,0,0,1.3546269605979688,1.7035853912521226
105023,Sam Querrey,0.125,0.0625,0.5517241379310345,0.9,0.3333333333333333,0.3333333333333333,1,0,0,0,0.5750271221503542,0.947779055640206
105902,James Duckworth,0.028169014084507,0.028169014084507,0.5813953488372093,0.5,0.75,0.0,1,0,0,0,0.9666176113683446,-0.9641422255408564
124187,Reilly Opelka,0.3529411764705882,0.0490196078431372,0.890625,0.6923076923076923,0.0,0.25,1,0,0,0,-3.2065718953512508,3.441892695329792
200615,Alexei Popyrin,0.0638297872340425,0.0531914893617021,0.8301886792452831,0.6818181818181818,0.75,0.4,1,0,0,0,-1.4783644697686715,0.1595007697011357
106228,Juan Ignacio Londero,0.064516129032258,0.064516129032258,0.6571428571428571,0.8181818181818182,0.5555555555555556,0.3333333333333333,1,0,0,0,0.0808600332040939,0.4091964527064778
106099,Salvatore Caruso,0.0943396226415094,0.0566037735849056,0.68,0.6428571428571429,0.4,0.0,1,0,0,0,0.3249380318406799,0.8357017959973396
103565,Stephane Robert,0.0833333333333333,0.03125,0.6545454545454545,0.8571428571428571,0.7222222222222222,0.4285714285714286,1,0,0,0,-0.6215900959576818,-0.7061956644728052
105643,Federico Delbonis,0.0638297872340425,0.0638297872340425,0.8214285714285714,0.9090909090909092,0.0,0.0,1,0,0,0,0.4577824098302395,1.379350000110946
200005,Ugo Humbert,0.0373831775700934,0.0467289719626168,0.7,0.6666666666666666,0.6363636363636364,0.25,1,1,0,0,0.0529325993522246,-0.1712704929600336
103852,Feliciano Lopez,0.173076923076923,0.0769230769230769,0.8166666666666667,0.8421052631578947,0.7,1.0,1,0,0,0,-3.004297600345966,1.6531731207932503
106329,Thiago Monteiro,0.0843373493975903,0.0,0.6730769230769231,0.7,0.4,0.3333333333333333,1,0,0,0,0.1252504106502447,-0.6965132232361381
104312,Andreas Seppi,0.0779220779220779,0.0259740259740259,0.64,1.0,0.625,0.4,1,0,0,0,-0.3237347514468497,-0.9392772486642316
105577,Vasek Pospisil,0.0987654320987654,0.0246913580246913,0.6842105263157895,0.9166666666666666,0.7777777777777778,0.3333333333333333,1,0,0,0,-1.08740719555515,-0.987333352041282
111581,Michael Mmoh,0.0735294117647058,0.0,0.6730769230769231,0.0,0.4,0.25,1,0,0,0,0.77697452158874,0.2437755217454922
206173,Jannik Sinner,0.0531914893617021,0.0319148936170212,0.7258064516129032,0.0,0.6666666666666666,0.2307692307692307,1,0,0,0,0.0871659042237852,0.4988832252632462
200221,Alejandro Davidovich Fokina,0.0273972602739726,0.0410958904109589,0.723404255319149,0.9285714285714286,0.4,0.1999999999999999,1,0,0,0,0.4018067250841152,-0.3153264181277121
105030,Michael Venus,0.037037037037037,0.0555555555555555,0.8,1.0,0.5,0.3333333333333333,1,0,0,0,-0.5756859805746334,-0.0107999725069077
104919,Leonardo Mayer,0.0888888888888888,0.0296296296296296,0.6875,0.5,0.8181818181818182,0.3333333333333333,1,0,0,0,-0.8089779407976134,-0.369697095883719
105311,Joao Sousa,0.02,0.0,0.5428571428571428,1.0,0.5,0.3333333333333333,1,0,0,0,1.2608524287493723,-1.9294728455062864
106198,Hugo Dellien,0.0,0.0224719101123595,0.5,0.0,0.5555555555555556,0.4,1,0,0,0,2.2811705552146977,-0.083844113994777
105376,Peter Gojowczyk,0.1016949152542373,0.0084745762711864,0.7432432432432432,0.6785714285714286,0.75,0.3333333333333333,1,1,0,0,-1.3058319462031922,-0.9226910961087258
111153,Christopher Eubanks,0.1896551724137931,0.0344827586206896,0.675,0.0,0.6666666666666666,0.25,1,0,0,0,-1.0699858548641517,1.4310727146986837
106075,Jozef Kovalik,0.0727272727272727,0.0181818181818181,0.6515151515151515,0.7307692307692307,0.5,0.6666666666666667,1,0,0,0,-0.0904795209684253,-0.3962468468529771
106034,Yasutaka Uchiyama,0.0789473684210526,0.0263157894736842,0.5882352941176471,0.0,0.4444444444444444,0.0,1,0,0,0,1.4008502438451411,0.6849746192697443
106408,Mario Vilella Martinez,0.0472440944881889,0.0157480314960629,0.7432432432432432,0.6451612903225806,0.7142857142857143,0.5,1,0,0,0,-0.7301763380119898,-0.8932195131010392
104229,Yen Hsun Lu,0.0416666666666666,0.0416666666666666,0.6341463414634146,1.0,0.375,0.0,1,0,0,0,1.0036248656135929,-0.4622082119555459
103333,Ivo Karlovic,0.1382978723404255,0.0319148936170212,0.8923076923076924,0.9444444444444444,1.0,0.4,1,1,0,0,-3.470847975853147,-0.7266153085087164
105208,Ernests Gulbis,0.1052631578947368,0.0225563909774436,0.7866666666666666,0.6285714285714286,0.6666666666666666,0.1999999999999999,1,1,0,0,-1.2923193260303203,-0.290930010677833
134868,Tallon Griekspoor,0.0449438202247191,0.0337078651685393,0.6896551724137931,0.0,0.5,0.0,1,0,0,0,0.9767716334491562,0.6681878204923881
125802,Ilya Ivashka,0.0709677419354838,0.0387096774193548,0.7378640776699029,0.925925925925926,0.5,0.3846153846153846,1,0,0,0,-0.5386323405821883,-0.1765338295563106
124079,Pedro Martinez,0.010752688172043,0.032258064516129,0.7333333333333333,0.8,0.8571428571428571,0.4,1,1,0,0,-0.6035432063513056,-1.2638304958650513
136440,Dominik Koepfer,0.101010101010101,0.0101010101010101,0.6944444444444444,0.0,0.6,0.1428571428571429,1,0,0,0,-0.0274982034137263,0.2833155526928126
200384,Hugo Gaston,0.0335570469798657,0.0067114093959731,0.625,0.0,0.6785714285714286,0.2941176470588235,1,0,0,0,0.8685074505980105,-0.4262268159245294
126214,Alejandro Tabilo,0.032051282051282,0.0192307692307692,0.6990291262135923,0.7878787878787878,0.6666666666666666,0.4545454545454546,1,1,0,0,-0.2195203896338755,-1.0958940138616895
123755,Daniel Elahi Galan,0.0595238095238095,0.0,0.71900826446281,0.0,0.5454545454545454,0.3333333333333333,1,0,0,0,0.2276154559935906,-0.0418949014543455
106000,Damir Dzumhur,0.0074074074074074,0.0222222222222222,0.6914893617021277,0.9166666666666666,0.5714285714285714,0.0,1,0,0,0,0.5812945579277788,-1.4082618360372992
105216,Yuichi Sugita,0.109375,0.0,0.85,0.75,1.0,0.8571428571428572,1,1,0,0,-3.129150285876688,-1.325944562784153
200611,Elliot Benchetrit,0.1071428571428571,0.0178571428571428,0.3939393939393939,0.7857142857142857,0.1428571428571428,0.0,1,0,0,0,2.538557908841654,-0.1740901650934534
106331,Christopher O'Connell,0.1119402985074626,0.0223880597014925,0.7411764705882353,0.8181818181818182,0.7333333333333333,0.8333333333333334,1,0,0,0,-1.8279547004636956,-0.4246542278503147
126952,Soon Woo Kwon,0.0809248554913294,0.0231213872832369,0.646551724137931,0.9285714285714286,0.6111111111111112,0.3125,1,0,0,0,-0.256160436777186,-0.8946229963581158
105539,Evgeny Donskoy,0.0581395348837209,0.0697674418604651,0.6041666666666666,0.7647058823529411,0.5,0.0,1,0,0,0,0.926674018275865,0.4787112603564888
106078,Egor Gerasimov,0.1320754716981132,0.0188679245283018,0.7142857142857143,0.9615384615384616,0.5,0.2307692307692307,1,1,0,0,-0.9729555253810434,-0.45571387741735
126610,Matteo Berrettini,0.1117647058823529,0.025,0.80622009569378,0.606694560669456,0.676923076923077,0.3134328358208955,15,5,4,0,-1.586192988829251,-0.0924525089595525
106302,Andrew Harris,0.0481927710843373,0.0481927710843373,0.6610169491525424,0.0,0.4444444444444444,0.0,1,0,0,0,1.2742481960530183,1.1556078622744124
105477,Marco Trungelliti,0.0666666666666666,0.0333333333333333,0.6507936507936508,0.0,0.5555555555555556,0.0,1,0,0,0,0.8719601047394434,0.6483937236227786
106148,Roberto Carballes Baena,0.0256410256410256,0.0256410256410256,0.627906976744186,0.0,0.3636363636363636,0.4,1,0,0,0,1.5931856513797351,0.7022159525422697
105441,John Patrick Smith,0.0808080808080808,0.0101010101010101,0.647887323943662,0.0,0.6,0.3333333333333333,1,0,0,0,0.3556383256298501,0.1815380066440643
105633,Mohamed Safwat,0.0564971751412429,0.03954802259887,0.6521739130434783,0.7931034482758621,0.6842105263157895,0.4166666666666666,1,0,0,0,-0.1663631233951268,-0.4997727557624461
126845,Max Purcell,0.0283018867924528,0.0283018867924528,0.5915492957746479,0.8823529411764706,0.4444444444444444,0.3333333333333333,1,0,0,0,1.082762222860964,-0.7667389822557136
111460,Quentin Halys,0.174863387978142,0.081967213114754,0.7966101694915254,0.0,0.6153846153846154,0.4285714285714286,1,0,0,0,-1.6875203089713129,2.9415470393514376
103819,Roger Federer,0.0967741935483871,0.0190615835777126,0.7422222222222222,0.5694444444444444,0.6739130434782609,0.4,6,5,0,0,-1.0383847627473122,-0.3269184411292702
105449,Steve Johnson,0.0410958904109589,0.0273972602739726,0.5652173913043478,0.9230769230769232,0.4444444444444444,0.0,1,0,0,0,1.3462874139448109,-0.9536466979539072
104259,Philipp Kohlschreiber,0.0705882352941176,0.0,0.8113207547169812,0.8235294117647058,0.8,0.4,1,1,0,0,-1.692360212773483,-1.5634572914670368
106218,Marcos Giron,0.0526315789473684,0.0105263157894736,0.5846153846153846,1.0,0.6,0.1999999999999999,1,0,0,0,0.5136157223207151,-1.6357037360745794
105841,Lorenzo Giustino,0.0121951219512195,0.048780487804878,0.5405405405405406,0.5714285714285714,0.5714285714285714,0.0,1,0,0,0,1.7936790869588666,-0.3207377653550393
105649,Cedrik Marcel Stebe,0.0457516339869281,0.0588235294117647,0.6666666666666666,0.7666666666666667,0.5625,0.1428571428571429,1,0,0,0,0.3802651794411722,0.1160255065609066
105613,Norbert Gombos,0.0486111111111111,0.0347222222222222,0.7,0.88,0.6666666666666666,0.3125,1,0,0,0,-0.3423642993240441,-0.7706675958560099
117360,Marc Polmans,0.1286549707602339,0.0116959064327485,0.6859504132231405,0.0,0.4545454545454545,0.5333333333333333,1,1,0,0,-0.2372217123356383,0.9692903879378828
111456,Mackenzie McDonald,0.0382165605095541,0.0382165605095541,0.5596330275229358,1.0,0.4375,0.4545454545454546,1,0,0,0,1.0417037604676678,-0.5773350749117765
105147,Tatsuma Ito,0.0612244897959183,0.0408163265306122,0.7027027027027027,0.0,0.6666666666666666,0.3636363636363636,1,1,0,0,0.0611047396225035,0.8273978414605726
105432,Prajnesh Gunneswaran,0.134020618556701,0.0,0.676923076923077,0.0,0.6363636363636364,0.3333333333333333,1,0,0,0,-0.5096266743038355,0.2288268912704383
105413,Andrej Martin,0.027027027027027,0.027027027027027,0.6818181818181818,0.8571428571428571,0.5,0.25,1,0,0,0,0.4487970580822106,-0.8123293879224995
106398,Pedro Cachin,0.0869565217391304,0.0144927536231884,0.6222222222222222,1.0,0.5,0.0,1,0,0,0,0.2763766263902669,-1.1511853913278236
126149,Gianluca Mager,0.0416666666666666,0.0333333333333333,0.6461538461538462,0.5517241379310345,0.6,0.375,1,0,0,0,0.4146554956980451,-0.2655405542649568
105226,Attila Balazs,0.0,0.0597014925373134,0.5675675675675675,0.8,0.6875,0.0,1,0,0,0,1.339480635688097,-0.6468551630649355
126535,Carlos Taberner,0.027027027027027,0.0135135135135135,0.6538461538461539,0.7142857142857143,0.8,0.0,1,0,0,0,0.2233137407881776,-1.7009454439466465
106110,Filip Horansky,0.0,0.078125,0.5813953488372093,0.0,0.4285714285714285,0.0,1,0,0,0,2.3958183918482336,1.5764868562344532
105487,Facundo Bagnis,0.0289855072463768,0.0579710144927536,0.5675675675675675,0.55,0.25,0.25,1,0,0,0,1.9976686540409736,0.8515112871230616
105943,Federico Gaio,0.1309523809523809,0.0357142857142857,0.6545454545454545,0.9333333333333332,0.3333333333333333,0.3,1,0,0,0,-0.1990270794377414,0.3218364188257288
126663,Juan Pablo Ficovich,0.0285714285714285,0.0285714285714285,0.6444444444444445,0.0,0.4545454545454545,0.4285714285714286,1,0,0,0,1.224970069066048,0.6555421871464377
105948,Federico Coria,0.0,0.0425531914893617,0.5942028985507246,0.9166666666666666,0.7142857142857143,0.3,1,0,0,0,0.7743178202627885,-1.1654029870460725
104755,Richard Gasquet,0.0,0.0,0.4285714285714285,1.0,0.4,0.0,1,0,0,0,2.722521645202288,-2.1589725524341303
200325,Emil Ruusuvuori,0.0727272727272727,0.0181818181818181,0.8148148148148148,0.6875,0.0,0.3333333333333333,1,0,0,0,0.2495870483853759,0.6884183548341849
111505,Enzo Couacaud,0.1304347826086956,0.0144927536231884,0.7142857142857143,0.0,0.3333333333333333,0.3333333333333333,1,0,0,0,-0.0118937118024841,1.234777617285994
104660,Sergiy Stakhovsky,0.0526315789473684,0.0394736842105263,0.5882352941176471,0.8333333333333334,0.6666666666666666,1.0,1,0,0,0,-0.1336009157141942,-0.3572580789485726
105967,Henri Laaksonen,0.0515463917525773,0.0103092783505154,0.6538461538461539,0.6818181818181818,0.4444444444444444,0.375,1,0,0,0,0.4993196050310607,-0.7014587670975914
106210,Jiri Vesely,0.2888888888888888,0.0,0.8771929824561403,0.9444444444444444,0.0,0.6666666666666667,1,1,0,0,-2.962401644770166,1.490322759926086
105406,Roberto Marcora,0.0909090909090909,0.0,0.7659574468085106,0.0,0.5,1.0,1,0,0,0,-0.833489227648987,0.6249012567963473
106121,Taro Daniel,0.1229508196721311,0.0163934426229508,0.7317073170731707,0.7272727272727273,0.8181818181818182,0.1111111111111111,1,0,0,0,-1.4695691216607225,-0.891150281950889
110748,Nikola Milojevic,0.0597014925373134,0.0149253731343283,0.7142857142857143,0.9230769230769232,0.5714285714285714,0.3333333333333333,1,0,0,0,-0.4065100256950978,-1.0814685643875417
104586,Lukas Rosol,0.0714285714285714,0.0952380952380952,0.8125,0.5714285714285714,0.5,0.0,1,0,0,0,-0.4466351392480092,1.793053138655345
124154,Sasi Kumar Mukund,0.0704225352112676,0.056338028169014,0.7073170731707317,0.7692307692307693,0.7272727272727273,0.25,1,0,0,0,-0.6210514684302498,-0.0144502798837837
120424,Yannick Maden,0.0519480519480519,0.0259740259740259,0.7317073170731707,0.5217391304347826,0.0,0.3333333333333333,1,0,0,0,1.1479505353586053,0.9095165898629832
126156,Antoine Hoang,0.0253164556962025,0.050632911392405,0.7142857142857143,0.7333333333333333,0.7142857142857143,1.0,1,0,0,0,-0.7048947731478257,-0.0324998632251274
103893,Paolo Lorenzi,0.074074074074074,0.0555555555555555,0.65625,0.0,0.4285714285714285,0.25,1,0,0,0,0.8769639320777384,1.6698974850445918
106368,Ramkumar Ramanathan,0.160377358490566,0.0566037735849056,0.7666666666666667,0.8,0.6666666666666666,0.1999999999999999,1,0,0,0,-1.837164067285956,0.7154223877368111
111459,Arjun Kadhe,0.046875,0.03125,0.6046511627906976,0.9,0.75,0.0,1,0,0,0,0.343138088064555,-1.3289599688120275
105341,Thomas Fabbiano,0.0238095238095238,0.0,0.52,0.0,0.375,0.1428571428571429,1,0,0,0,2.4749253806577647,-0.272514931125649
104678,Viktor Troicki,0.0818181818181818,0.0181818181818181,0.6746987951807228,1.0,0.9,0.3125,1,1,0,0,-1.1659434790573322,-1.662543955694899
111576,Sumit Nagal,0.0416666666666666,0.0416666666666666,0.6615384615384615,0.8666666666666667,0.6875,0.0999999999999999,1,0,0,0,0.1207884653791181,-0.7957632637201473
105155,Pedro Sousa,0.0204081632653061,0.0612244897959183,0.6785714285714286,0.8888888888888888,0.25,0.0,1,0,0,0,1.3200300221242447,0.3879553131283474
207680,Facundo Diaz Acosta,0.0625,0.1,0.6666666666666666,1.0,0.6363636363636364,0.2857142857142857,1,0,0,0,-0.192895367170905,0.9102031606287908
106249,Joao Domingues,0.0238095238095238,0.0119047619047619,0.574468085106383,0.631578947368421,0.7692307692307693,0.1999999999999999,1,0,0,0,0.7569930469148842,-1.5822850055581688
202103,Francisco Cerundolo,0.0,0.0219780219780219,0.5370370370370371,0.7222222222222222,0.5454545454545454,0.8,1,0,0,0,1.2651879262271697,-0.9314363882011945
105359,Jason Jung,0.0657894736842105,0.0131578947368421,0.5714285714285714,0.0,0.6153846153846154,0.3333333333333333,1,0,0,0,0.9956191907901444,0.0421996757973483
208108,Brian Shi,0.0735294117647058,0.0294117647058823,0.5789473684210527,0.7857142857142857,0.4444444444444444,0.6666666666666667,1,0,0,0,0.4854341252188237,-0.1478365866230375
105905,Danilo Petrovic,0.1363636363636363,0.1136363636363636,0.6140350877192983,0.0,0.5714285714285714,0.2727272727272727,1,0,0,0,0.1991097153409026,3.334027323009207
106058,Jack Sock,0.0714285714285714,0.0,0.5151515151515151,0.6428571428571429,0.6,0.4,1,0,0,0,0.8467246113589866,-1.2463560697446925
111790,Brayden Schnur,0.0476190476190476,0.0158730158730158,0.5641025641025641,0.0,0.6428571428571429,0.6,1,0,0,0,0.9774168853475768,0.0556394749756272
104898,Robin Haase,0.1071428571428571,0.0357142857142857,0.7619047619047619,0.64,0.8,0.2857142857142857,1,0,0,0,-1.5118616763873796,-0.1916251031426875
206909,Brandon Nakashima,0.0930232558139534,0.0310077519379844,0.6785714285714286,0.7619047619047619,0.75,0.4285714285714286,1,0,0,0,-0.8864176544089368,-0.530638907939884
111511,Noah Rubin,0.05,0.0,0.5238095238095238,0.875,0.3333333333333333,0.0,1,0,0,0,1.781760862961799,-1.3920198876909728
105992,Ryan Harrison,0.094017094017094,0.0598290598290598,0.6891891891891891,0.8421052631578947,0.75,0.4285714285714286,1,0,0,0,-0.99102314258972,0.1455912456521605
105877,Emilio Gomez,0.0923076923076923,0.0,0.7058823529411765,0.7692307692307693,0.25,1.0,1,0,0,0,-0.3951118416810581,-0.1023134776658114
111578,Stefan Kozlov,0.0112359550561797,0.0561797752808988,0.5409836065573771,0.875,0.3636363636363636,0.5,1,0,0,0,1.6958939652005174,0.0581881069955449
106071,Bernard Tomic,0.086021505376344,0.021505376344086,0.640625,1.0,0.7647058823529411,0.1666666666666666,1,0,0,0,-0.560637004762085,-1.3879309612522237
104797,Denis Istomin,0.04,0.04,0.65625,0.0,0.6,0.0,1,0,0,0,1.0311126005371651,0.5688220683781742
208004,Harold Mayot,0.0348837209302325,0.0232558139534883,0.7021276595744681,0.5789473684210527,0.6666666666666666,0.5,1,0,0,0,-0.1611187633758663,-0.6295354100945676
207989,Carlos Alcaraz Garfia,0.0493827160493827,0.0493827160493827,0.75,0.0,0.4444444444444444,0.2857142857142857,1,0,0,0,0.4514460436490097,1.4350303409255207
205734,Thiago Seyboth Wild,0.0888888888888888,0.0,0.7666666666666667,0.9333333333333332,0.7142857142857143,0.25,1,0,0,0,-1.3572034829279631,-1.5608151970172113
200335,Felipe Meligeni Rodrigues Alves,0.0389610389610389,0.0129870129870129,0.55,0.0,0.5,1.0,1,0,0,0,1.1815370110409145,0.370174123824509
104999,Mischa Zverev,0.0535714285714285,0.0178571428571428,0.7894736842105263,1.0,0.5,0.0,1,0,0,0,-0.4698030620529891,-1.085132898399454
126204,Gerardo Lopez Villasenor,0.0136986301369863,0.0273972602739726,0.7045454545454546,0.6875,0.6666666666666666,0.0,1,0,0,0,0.3681167693930554,-1.0535667013749257
207518,Lorenzo Musetti,0.028169014084507,0.028169014084507,0.6666666666666666,0.0,0.6666666666666666,0.5,1,0,0,0,0.5419829623548608,0.2855844063101449
105952,Renzo Olivo,0.0327868852459016,0.0655737704918032,0.575,0.0,0.7142857142857143,0.0,1,0,0,0,1.4163246678070778,0.8893949144981148
144642,Marcelo Tomas Barrios Vera,0.0617283950617283,0.037037037037037,0.6,0.625,0.75,0.5,1,0,0,0,0.0199897361347715,-0.4321406017233045
122669,Juan Pablo Varillas,0.0166666666666666,0.0,0.6470588235294118,0.7142857142857143,0.4,0.5,1,0,0,0,0.89632218553442,-1.1245071883402216
105373,Martin Klizan,0.0508474576271186,0.0338983050847457,0.6285714285714286,0.8181818181818182,0.4285714285714285,0.25,1,0,0,0,0.740705928332729,-0.3320395954369182
104918,Andy Murray,0.0833333333333333,0.0166666666666666,0.65625,0.8,0.4285714285714285,0.0,1,0,0,0,0.389170616902071,-0.6357134326019364
200670,J.J. Wolf,0.1206896551724138,0.1034482758620689,0.7777777777777778,0.8333333333333334,0.2,0.4,1,0,0,0,-0.5401908716496794,2.685325605052901
200624,Sebastian Korda,0.1546391752577319,0.0309278350515463,0.7391304347826086,0.0,0.3333333333333333,0.5,1,0,0,0,-0.5505766862463257,1.947704194420307
106283,Mitchell Krueger,0.0909090909090909,0.0165289256198347,0.7012987012987013,0.76,0.625,0.5454545454545454,1,1,0,0,-0.8330573252308028,-0.605579315555215
111515,Thai Son Kwiatkowski,0.0909090909090909,0.0330578512396694,0.6428571428571429,0.8,0.25,0.2857142857142857,1,0,0,0,0.6019020810033197,0.3251116741015419
202195,Maxime Cressy,0.2254901960784313,0.1470588235294117,0.84,0.6206896551724138,0.5,0.8333333333333334,1,1,0,0,-2.921147318992288,4.5711926870052535
200265,Ulises Blanch,0.0817610062893081,0.0314465408805031,0.7011494252873564,0.6410256410256411,0.6875,0.3333333333333333,1,0,0,0,-0.6167630707054832,-0.3076579533660007
124014,Ernesto Escobedo,0.1473684210526315,0.0631578947368421,0.8148148148148148,0.7272727272727273,0.8333333333333334,0.5,1,1,0,0,-2.570908439238216,0.7847176214714009
105723,Andrey Kuznetsov,0.1914893617021276,0.0212765957446808,0.8421052631578947,0.6666666666666666,1.0,0.5,1,1,0,0,-3.6164017053154702,-0.2528558132695359
106045,Denis Kudla,0.1130952380952381,0.0416666666666666,0.7403846153846154,0.8484848484848485,0.5833333333333334,0.75,1,0,0,0,-1.4286496365604993,0.3120320536453469
105614,Bradley Klahn,0.0862068965517241,0.043103448275862,0.6301369863013698,0.8421052631578947,0.6470588235294118,0.5,1,0,0,0,-0.3509039812270253,-0.192804758651607
105870,Yannick Hanfmann,0.0192307692307692,0.0384615384615384,0.7142857142857143,0.9090909090909092,0.25,0.1999999999999999,1,0,0,0,0.9039741630049598,-0.1283646647012193
144817,Marc Andrea Huesler,0.0636363636363636,0.0727272727272727,0.6785714285714286,0.6363636363636364,0.7222222222222222,0.4285714285714286,1,0,0,0,-0.3748042233532935,0.6409031996374212
109739,Maximilian Marterer,0.0,0.0,0.6666666666666666,0.9090909090909092,0.5,0.3333333333333333,1,0,0,0,0.7156844388950397,-1.779595349880876
124116,Sebastian Ofner,0.0531914893617021,0.0425531914893617,0.6101694915254238,0.8235294117647058,0.6153846153846154,0.8,1,0,0,0,-0.0052051746442767,-0.2224221478788456
105453,Kei Nishikori,0.0126126126126126,0.027027027027027,0.6182336182336182,0.5885714285714285,0.5084745762711864,0.3333333333333333,6,0,2,0,1.1256073473375734,-0.5587822704217086
106281,Liam Broady,0.0227272727272727,0.0075757575757575,0.6707317073170732,0.9473684210526316,0.6,0.6666666666666667,1,0,0,0,-0.0600538174924971,-1.516123501012527
127157,Daniel Altmaier,0.0934579439252336,0.0093457943925233,0.7142857142857143,0.64,0.75,0.3333333333333333,1,0,1,0,-0.9968335041589153,-0.9308910182207586
126239,Arthur Rinderknech,0.0805369127516778,0.0134228187919463,0.6804123711340206,0.8333333333333334,0.7142857142857143,0.0,1,0,0,0,-0.419353030003567,-1.323897602956527
207830,Tomas Machac,0.0102564102564102,0.0205128205128205,0.5877862595419847,0.7272727272727273,0.7407407407407407,0.6428571428571428,1,0,0,0,0.4858599185206868,-1.3060338483739424
200514,Jurij Rodionov,0.0646766169154228,0.0199004975124378,0.6474820143884892,0.0,0.6086956521739131,0.5625,1,0,1,0,0.3484278767858593,0.4272928991074962
126125,Maxime Janvier,0.017391304347826,0.017391304347826,0.5753424657534246,0.6521739130434783,0.4444444444444444,0.375,1,0,0,0,1.4202154613223463,-0.7881594345750741
126127,Benjamin Bonzi,0.0252100840336134,0.0168067226890756,0.7027027027027027,1.0,0.6666666666666666,0.5833333333333333,1,0,1,0,-0.4135193176381831,-1.4612627553913848
126846,Aleksandar Vukic,0.0941176470588235,0.0235294117647058,0.7142857142857143,0.875,0.5714285714285714,0.0909090909090909,1,0,0,0,-0.5530918991147026,-0.6597980399118542
105731,Steven Diez,0.0158730158730158,0.0396825396825396,0.6627906976744186,0.0,0.3,0.5,1,0,0,0,1.550825800200448,1.2286075855993028
106214,Oscar Otte,0.0408163265306122,0.0612244897959183,0.7407407407407407,0.9444444444444444,0.4444444444444444,0.3076923076923077,1,0,0,0,-0.0326697692004001,0.2774223539083019
126504,Andrea Pellegrino,0.0,0.0,0.4814814814814814,0.0,0.2,0.0,1,0,0,0,3.49907725082845,-0.2012437668609061
206748,Giulio Zeppieri,0.0129870129870129,0.0519480519480519,0.7142857142857143,0.9090909090909092,0.7,0.3333333333333333,1,0,0,0,-0.1435044131268841,-0.6271012629111021
126128,Roman Safiullin,0.0,0.0151515151515151,0.5384615384615384,0.625,0.5,0.25,1,0,0,0,1.8394982332882717,-1.1355707590066852
106234,Aslan Karatsev,0.0101010101010101,0.0606060606060606,0.7090909090909091,0.75,0.5,0.6666666666666667,1,0,0,0,0.2394348665499702,0.3680844912089447
126120,Nino Serdarusic,0.1265822784810126,0.0632911392405063,0.8695652173913043,0.75,0.3333333333333333,1.0,1,0,0,0,-1.9663683112171564,1.8946965243857656
200303,Pavel Kotov,0.0459770114942528,0.0229885057471264,0.6730769230769231,0.8666666666666667,0.7142857142857143,0.25,1,0,0,0,-0.1989543325638464,-1.2394601063484574
207608,Timofey Skatov,0.0,0.0851063829787234,0.3611111111111111,0.0,0.5,1.0,1,0,0,0,2.938367238018789,1.829711443940861
122078,Dmitry Popko,0.0462962962962962,0.0277777777777777,0.6229508196721312,0.6521739130434783,0.6153846153846154,0.3333333333333333,1,0,0,0,0.4421212086399454,-0.6125448444314007
126964,Vitaliy Sachko,0.0375,0.05,0.5614035087719298,0.0,0.3333333333333333,0.6666666666666667,1,0,0,0,1.7972578173348,1.5436461113315936
207797,Jonas Forejtek,0.1111111111111111,0.0,0.675,0.9,0.6666666666666666,0.0,1,0,0,0,-0.6660108531774142,-1.49425819485974
202090,Adrian Andreev,0.037037037037037,0.0555555555555555,0.5483870967741935,0.8,0.3333333333333333,0.0,1,0,0,0,1.8687452055202904,0.1615947195751157
105011,Illya Marchenko,0.0377358490566037,0.0377358490566037,0.6338028169014085,0.7619047619047619,0.5714285714285714,0.1999999999999999,1,0,0,0,0.6025027425571107,-0.5292771077436402
105053,Santiago Giraldo,0.036036036036036,0.036036036036036,0.671875,0.7,0.6,0.5,1,0,0,0,0.1121007427554574,-0.3641277827879126
105074,Ruben Bemelmans,0.0679611650485436,0.0194174757281553,0.7794117647058824,0.8947368421052632,0.6,0.3333333333333333,1,0,1,0,-0.9709171207721063,-0.8409494679087307
127339,Borna Gojo,0.09375,0.0416666666666666,0.7457627118644068,0.9333333333333332,0.6666666666666666,0.2857142857142857,1,1,0,0,-1.14525153393713,-0.3190775657727904
209867,Daniil Ostapenkov,0.0,0.125,0.55,0.0,0.5,0.0,1,0,0,0,2.491540378864739,2.6633831388129585
105933,Roberto Quiroz,0.1300813008130081,0.016260162601626,0.7777777777777778,0.7272727272727273,0.7777777777777778,0.0,1,1,0,0,-1.6761867300423714,-0.764778301708272
111200,Elias Ymer,0.1296296296296296,0.0185185185185185,0.7333333333333333,0.75,0.6666666666666666,0.0,1,0,0,0,-1.1348025383930893,-0.5758955846105971
122109,Sanjar Fayziev,0.0363636363636363,0.0545454545454545,0.5142857142857142,0.7777777777777778,0.5555555555555556,0.0,1,0,0,0,1.6094037159277454,-0.3133900668297268
105434,Ruan Roelofse,0.0632911392405063,0.0253164556962025,0.5510204081632653,0.631578947368421,0.625,0.5,1,0,0,0,0.5973131644081018,-0.5607114211607634
105806,Mirza Basic,0.0588235294117647,0.0147058823529411,0.6170212765957447,1.0,0.5,0.5,1,0,0,0,0.2333576216307478,-1.106550223528808
105497,Jose Hernandez,0.0166666666666666,0.0166666666666666,0.5652173913043478,0.0,0.6,0.5,1,0,0,0,1.4818115815142718,-0.0916501888734604
106232,Roberto Cid,0.074074074074074,0.0185185185185185,0.8387096774193549,0.6666666666666666,1.0,0.4,1,0,1,0,-2.243942062962119,-1.1647643523260611
105156,Federico Zeballos,0.0980392156862745,0.0588235294117647,0.7777777777777778,0.75,0.6,0.0,1,0,0,0,-0.8919660184633915,0.4833090023130824
133975,Benjamin Hassan,0.0465116279069767,0.0232558139534883,0.7307692307692307,0.6666666666666666,1.0,0.8333333333333334,1,0,1,0,-1.5537440867750554,-1.1476591755677688
127143,Jirat Navasirisomboon,0.0,0.06,0.3846153846153846,0.5833333333333334,0.1666666666666666,0.0,1,0,0,0,3.891561369365984,0.490980637189069
106397,Wishaya Trongcharoenchaikul,0.102803738317757,0.0186915887850467,0.7580645161290323,0.7083333333333334,0.6666666666666666,0.125,1,0,1,0,-1.0754916235219365,-0.6005578649196428
133979,Hasan Ibrahim,0.0089285714285714,0.0178571428571428,0.7317073170731707,0.8888888888888888,0.875,0.3333333333333333,1,0,0,0,-0.6375967297106944,-1.8661628821707976
106393,Frederico Ferreira Silva,0.0326086956521739,0.0434782608695652,0.7457627118644068,1.0,0.5714285714285714,0.5833333333333333,1,1,0,0,-0.5345092128757363,-0.4541422084816202
105827,Laurynas Grigelis,0.0526315789473684,0.031578947368421,0.7291666666666666,0.7647058823529411,0.4166666666666667,0.4285714285714286,1,0,0,0,-0.0242305463607387,-0.0758343565318411
108772,Julius Tverijonas,0.0377358490566037,0.0566037735849056,0.6896551724137931,1.0,0.5,0.0,1,0,0,0,0.4076113068904193,-0.2648574787661192
126609,Patrik Niklas Salminen,0.0892857142857142,0.0714285714285714,0.8787878787878788,0.7142857142857143,1.0,0.3333333333333333,1,0,1,0,-2.600338908934656,0.309360954691404
105688,Manuel Sanchez,0.0151515151515151,0.106060606060606,0.6976744186046512,0.9090909090909092,0.6666666666666666,0.0,1,0,0,0,0.3329782282199403,0.7369529098135292
202261,Otto Virtanen,0.106060606060606,0.0606060606060606,0.6578947368421053,0.5714285714285714,0.75,0.6,1,0,0,0,-0.8625598529577543,0.69674819409348
105349,Harri Heliovaara,0.0677966101694915,0.0847457627118644,0.475,0.0,0.5,0.5,1,0,0,0,1.8271370582971949,2.17618987318898
105985,Darian King,0.0,0.0677966101694915,0.5128205128205128,0.0,0.3333333333333333,1.0,1,0,0,0,2.291234521366481,1.870334658578035
104656,Haydn Lewis,0.12,0.06,0.7142857142857143,0.0,0.5555555555555556,0.0,1,0,0,0,-0.1016238803480563,1.8006121745557115
206716,Lukas Hellum Lilleengen,0.0555555555555555,0.0277777777777777,0.782608695652174,1.0,0.6666666666666666,0.75,1,1,0,0,-1.3910495273561434,-0.7890597279075721
209868,Kaipo Marshall,0.0232558139534883,0.0930232558139534,0.45,0.7777777777777778,0.25,0.3333333333333333,1,0,0,0,2.662408238447703,1.3154619108924388
103529,Aisam Ul Haq Qureshi,0.1909090909090909,0.0727272727272727,0.8428571428571429,0.0,0.6666666666666666,0.2222222222222222,1,0,0,1,-2.13817562044166,2.6578284010287043
106247,Nik Razborsek,0.0689655172413793,0.0344827586206896,0.6883116883116883,0.85,0.7777777777777778,0.3333333333333333,1,0,0,0,-0.7355905679909825,-0.8178622233993718
103499,Aqeel Khan,0.1565217391304348,0.0608695652173913,0.8620689655172413,0.7368421052631579,0.75,0.1999999999999999,1,0,0,1,-2.573182113561016,0.8495372951443231
104882,Blaz Kavcic,0.180722891566265,0.036144578313253,0.8627450980392157,0.875,0.8,0.25,1,0,0,0,-3.112396655686319,0.0632625223837196
105757,Sandro Ehrat,0.1012658227848101,0.0126582278481012,0.7560975609756098,0.6666666666666666,0.6,1.0,1,0,0,0,-1.5432143783642889,-0.1737682940873242
126190,Nicolas Alvarez,0.0958904109589041,0.0273972602739726,0.6666666666666666,0.6666666666666666,0.6666666666666666,0.25,1,0,0,0,-0.4509804314726628,-0.3998100735742814
131951,Daniel Cukierman,0.0533333333333333,0.0266666666666666,0.7291666666666666,0.7142857142857143,0.9,0.75,1,0,1,0,-1.3533353636217529,-0.9261062014722872
123795,Altug Celikbilek,0.032258064516129,0.053763440860215,0.639344262295082,0.0,0.5833333333333334,0.4166666666666666,1,0,1,0,0.9607690913538998,1.0954414948833198
127326,Ben Patael,0.03,0.02,0.5909090909090909,0.8235294117647058,0.5833333333333334,0.4166666666666666,1,0,0,0,0.7182049553688457,-1.1252765636498976
122548,Edan Leshem,0.0303030303030303,0.0757575757575757,0.6511627906976745,0.7142857142857143,0.5,0.6666666666666667,1,0,1,0,0.4453716244090122,0.8968774592091124
202358,Chun Hsin Tseng,0.0425531914893617,0.0212765957446808,0.7192982456140351,0.5714285714285714,0.9090909090909092,0.5714285714285714,1,1,0,0,-0.964042579163044,-1.042113582551662
126555,Tung Lin Wu,0.1016949152542373,0.0169491525423728,0.7297297297297297,1.0,0.6666666666666666,0.8,1,1,0,0,-1.5906355969378216,-0.8115478462127431
110686,Finn Tearney,0.05,0.1333333333333333,0.7317073170731707,0.0,0.7142857142857143,0.5,1,1,0,0,-0.1245970578033878,3.252519422197924
105467,Jordi Munoz Abreu,0.0192307692307692,0.0384615384615384,0.5526315789473685,0.0,0.5,0.2857142857142857,1,0,0,0,1.953609123193432,0.5945599933174105
105334,Luis David Martinez,0.0465116279069767,0.0116279069767441,0.7142857142857143,0.8823529411764706,0.625,0.3333333333333333,1,1,0,0,-0.361623324730805,-1.302729268542707
208055,Ajeet Rai,0.0857142857142857,0.0476190476190476,0.7142857142857143,0.7894736842105263,0.6666666666666666,0.375,1,0,0,0,-0.8140221777624351,0.0080227169588868
104907,Jose Rubin Statham,0.125,0.0277777777777777,0.8297872340425532,0.65,1.0,0.3333333333333333,1,1,0,0,-2.6658477002159717,-0.5904914123904478
207738,Brandon Perez,0.0978260869565217,0.0652173913043478,0.6545454545454545,0.6666666666666666,0.6666666666666666,0.0,1,0,0,0,-0.1592806454929136,0.5021065426106847
200267,Zizou Bergs,0.0824742268041237,0.0206185567010309,0.7258064516129032,0.8421052631578947,0.8181818181818182,0.3333333333333333,1,0,0,0,-1.233549396054592,-1.124124463563963
208134,Luca Nardi,0.0259740259740259,0.0519480519480519,0.6744186046511628,1.0,0.4444444444444444,0.4,1,0,0,0,0.451799613764354,-0.1915059769695759
