id,name,ace,df,1stWon,2ndWon,bpSaved,bpLost,matches
201506,Sara Errani,0.001301447860745079,0.021555230193590368,0.5565749235474006,0.5075560187597707,0.5306748466257669,0.5448392554991539,196
201347,Jelena Jankovic,0.04065659310794652,0.051092510055440805,0.6551843517396573,0.5575221238938053,0.5701311806256307,0.4924874791318865,159
201419,Na Li,0.030629853321829163,0.05220017256255392,0.6562703053931124,0.6027820710973725,0.6069868995633187,0.5540983606557377,34
201458,Victoria Azarenka,0.04132727428620424,0.06336277115664923,0.6666237776634071,0.5517680790060528,0.5833333333333334,0.4906682721252258,189
201520,Petra Kvitova,0.06831214161057093,0.06527050610820244,0.7083874107722258,0.6099235450148229,0.5966435185185185,0.44986656500190625,325
201493,Angelique Kerber,0.022230674950340222,0.04179874054351042,0.6473731650785475,0.5564595314910927,0.5820835022294285,0.47462406015037595,375
201474,Agnieszka Radwanska,0.03663556531284303,0.02188529088913282,0.6588946459412781,0.5148475120385233,0.5810276679841897,0.5132301547678482,251
200033,Serena Williams,0.12863041500454894,0.0515081531247813,0.7539804222196014,0.5796329188869154,0.6161434977578475,0.4737883283877349,245
205925,Aliaksandra Sasnovich,0.025233132199670872,0.06774547449259462,0.5756637168141593,0.5105633802816901,0.4686868686868687,0.33919597989949746,53
202628,Maryna Zanevska,0.02127659574468085,0.125,0.5770925110132159,0.5306122448979592,0.4852941176470588,0.4,6
202536,Ana Bogdan,0.030612244897959183,0.034371643394199784,0.5556478405315615,0.47700170357751276,0.48854961832061067,0.32432432432432434,29
214082,Darya Kasatkina,0.020831905708216268,0.054752278489686834,0.5993070416794049,0.548565676899849,0.5243488108720272,0.4922923918448533,215
202434,Aleksandra Krunic,0.01924447612259444,0.031004989308624376,0.5632839224629419,0.4722513089005236,0.49242424242424243,0.29889298892988925,43
201504,Julia Goerges,0.09148897393839986,0.04859972055160683,0.7270405448547409,0.5574216250799744,0.6197278911564625,0.4358126721763086,242
203552,Risa Ozaki,0.008152173913043478,0.03170289855072464,0.5215123859191656,0.4781144781144781,0.4601226993865031,0.4505494505494505,18
201498,Karin Knapp,0.04056795131845842,0.07640297498309669,0.6046770601336303,0.5064935064935064,0.4472361809045226,0.4070796460176991,23
201481,Tamira Paszek,0.01160541586073501,0.05029013539651837,0.572289156626506,0.5,0.4722222222222222,0.4418604651162791,7
201596,Johanna Larsson,0.02185792349726776,0.060684498130572334,0.5474060822898033,0.4970817120622568,0.4904580152671756,0.3573667711598746,54
201527,Stefanie Voegele,0.03880440482433141,0.03880440482433141,0.6035120147874307,0.47043010752688175,0.5203252032520326,0.32089552238805974,27
201555,Polona Hercog,0.036260623229461754,0.05155807365439093,0.6131846825012118,0.50625,0.5512820512820513,0.4015151515151515,51
201693,Timea Babos,0.04829093799682035,0.05246422893481717,0.6185400516795866,0.4831932773109244,0.5031446540880503,0.3341176470588235,71
201556,Lucie Hradecka,0.0699177438307873,0.07109283196239718,0.6849775784753364,0.4874446085672083,0.5398230088495575,0.34013605442176875,27
202418,Lara Arruabarrena,0.017710309930423784,0.03984819734345351,0.5599400599400599,0.48148148148148145,0.5345911949685535,0.38306451612903225,48
203533,Anna Karolina Schmiedlova,0.023529411764705882,0.07647058823529412,0.575139146567718,0.4842681258549932,0.5037783375314862,0.3565891472868217,39
201537,Patricia Mayr Achleitner,0.007692307692307693,0.046153846153846156,0.5510204081632653,0.9444444444444444,0.6,0.30000000000000004,2
202671,Cristina Andreea Mitu,0.010964912280701754,0.07236842105263158,0.567741935483871,0.625,0.5441176470588235,0.2909090909090909,7
202482,Barbara Haas,0.021141649048625793,0.07399577167019028,0.5529801324503312,0.49193548387096775,0.5681818181818182,0.375,6
202470,Annika Beck,0.010296010296010296,0.05577005577005577,0.5023923444976076,0.4393939393939394,0.4262734584450402,0.41984732824427484,37
202694,Teliana Pereira,0.015424164524421594,0.02570694087403599,0.515702479338843,0.46551724137931033,0.46875,0.4098360655737705,16
202653,Denisa Allertova,0.02334851936218679,0.0785876993166287,0.5731153496821072,0.5392156862745098,0.4898785425101215,0.3984375,27
202489,Carina Witthoeft,0.022166457549142617,0.07026348808030113,0.572709801409353,0.49230769230769234,0.4688427299703264,0.35930735930735935,38
203575,Danka Kovinic,0.041601255886970175,0.061224489795918366,0.6227501799856011,0.48848848848848847,0.5128939828080229,0.36714975845410625,41
211701,Katerina Siniakova,0.027608607389362567,0.055217214778725134,0.5708053691275168,0.4904306220095694,0.5117565698478561,0.38888888888888884,75
202480,Richel Hogenkamp,0.022157996146435453,0.05394990366088632,0.5946843853820598,0.5135135135135135,0.464,0.4516129032258065,15
201549,Petra Martic,0.04384133611691023,0.036589385781782224,0.6580812445980986,0.5530913978494624,0.6096807415036045,0.4391534391534392,132
201344,Klara Koukalova,0.010301692420897719,0.094186902133922,0.6128608923884514,0.6207627118644068,0.48404255319148937,0.45273631840796025,26
204431,Anna Lena Friedsam,0.039776258545680544,0.04723430702299565,0.5994152046783626,0.48514851485148514,0.5412844036697247,0.408695652173913,23
201325,Samantha Stosur,0.060887846688768496,0.05522762189698391,0.671918814260916,0.5675029868578255,0.5884615384615385,0.44092219020172907,193
201545,Anastasija Sevastova,0.037369744879626306,0.031045634207689545,0.652992277992278,0.5207649217693645,0.5702917771883289,0.49508954361640667,205
201499,Anastasia Pavlyuchenkova,0.03715189480865844,0.06400793896917448,0.6535417684416219,0.5511340206185567,0.5541252194265652,0.4575590155700653,240
206404,Elizaveta Kulichkova,0.03651685393258427,0.09129213483146068,0.6091370558375635,0.5375,0.5106382978723404,0.38095238095238093,11
201435,Kateryna Bondarenko,0.025906735751295335,0.07530224525043178,0.6168687982359427,0.5285880980163361,0.5300546448087432,0.4181034482758621,42
202488,Valentyna Ivakhnenko,0.01020408163265306,0.08163265306122448,0.515625,0.75,0.5,0.09090909090909094,2
201465,Kirsten Flipkens,0.035393460294646066,0.028386633129716135,0.6360064037258041,0.5147432638535842,0.5522388059701493,0.45320197044334976,154
201666,Cagla Buyukakcay,0.005079006772009029,0.03160270880361174,0.5344129554655871,0.4766949152542373,0.47368421052631576,0.39743589743589747,26
201554,Vitalia Diatchenko,0.015663643858202802,0.09810387469084914,0.5868421052631579,0.47181008902077154,0.526595744680851,0.38095238095238093,18
201672,Nigina Abduraimova,0.031746031746031744,0.06349206349206349,0.5897435897435898,0.6944444444444444,0.5882352941176471,0.2666666666666667,2
201456,Olga Savchuk,0.06896551724137931,0.12643678160919541,0.6909090909090909,0,0.5,0.625,4
201597,Kurumi Nara,0.004342162396873643,0.04081632653061224,0.5312101910828025,0.4762658227848101,0.5266106442577031,0.38378378378378375,35
206255,Patricia Maria Tig,0.02180232558139535,0.09447674418604651,0.5824742268041238,0.4721030042918455,0.42718446601941745,0.3728813559322034,14
203549,Olga Ianchuk,0.0196078431372549,0.11764705882352941,0.43243243243243246,0,0.3,0.5,1
202684,Lin Zhu,0.013522215067611075,0.056664520283322604,0.5791710945802337,0.482421875,0.4841628959276018,0.3691275167785235,24
201697,Kristyna Pliskova,0.098448876226654,0.054764165875276986,0.672192513368984,0.47058823529411764,0.5413333333333333,0.31734317343173435,42
202499,Donna Vekic,0.05172413793103448,0.06828269033799932,0.6854173035768878,0.5513055428309666,0.5595238095238095,0.4690026954177897,178
201212,Francesca Schiavone,0.030498836908761952,0.06901008012406307,0.6463471382038157,0.537292817679558,0.512249443207127,0.45759368836291914,65
201516,Evgeniya Rodina,0.013636363636363636,0.056363636363636366,0.5404312668463612,0.494077834179357,0.44339622641509435,0.4104046242774566,38
211472,Oleksandra Korashvili,0.058823529411764705,0.08823529411764706,0.7727272727272727,0.6,0,0.6,1
214842,Zuleykha Safarova,0.0,0.1282051282051282,0.4444444444444444,0.8571428571428571,0.4,0,1
206107,Zhaoxuan Yang,0.022988505747126436,0.07471264367816093,0.5873015873015873,0.5121951219512195,0.5483870967741935,0.5882352941176471,4
201377,Yuliya Beygelzimer,0.010638297872340425,0.06382978723404255,0.49122807017543857,0.39285714285714285,0.35714285714285715,0.5555555555555556,2
202506,Margarita Gasparyan,0.0290084388185654,0.05590717299578059,0.559656652360515,0.4424920127795527,0.5170068027210885,0.3529411764705882,31
201495,Dominika Cibulkova,0.01287523118509034,0.04637928581590554,0.623593699774992,0.5545722713864307,0.5666875391358798,0.4725336322869955,203
201599,Andrea Hlavackova,0.036585365853658534,0.06910569105691057,0.6358024691358025,0.5254237288135594,0.2916666666666667,0.375,4
201587,Bojana Jovanovski,0.01775147928994083,0.057692307692307696,0.5126436781609195,0.5108695652173914,0.4537037037037037,0.45999999999999996,13
201668,Alexandra Panova,0.04186046511627907,0.027906976744186046,0.6466165413533834,0.4782608695652174,0.4090909090909091,0.4285714285714286,3
202663,Magda Linette,0.02690288713910761,0.047900262467191604,0.5803191489361702,0.46954813359528486,0.5079006772009029,0.3423423423423423,50
204426,Anett Kontaveit,0.048255219740108046,0.04518907869762009,0.6655040111614928,0.5335120643431636,0.5828047921071177,0.4798534798534798,199
202685,Misa Eguchi,0.007575757575757576,0.06818181818181818,0.3888888888888889,0.6944444444444444,0.32,0.4545454545454546,3
201452,Lourdes Dominguez Lino,0.006097560975609756,0.042682926829268296,0.5064377682403434,0.4810126582278481,0.44642857142857145,0.46875,6
206329,Montserrat Gonzalez,0.011583011583011582,0.0888030888030888,0.5664335664335665,0.5978260869565217,0.4864864864864865,0.3529411764705882,4
206242,Beatriz Haddad Maia,0.02511415525114155,0.0517503805175038,0.582089552238806,0.45576407506702415,0.5,0.3902439024390244,18
202395,Maria Irigoyen,0.0,0.02564102564102564,0.32142857142857145,0,0.45454545454545453,1.0,1
202420,An Sophie Mestach,0.018433179723502304,0.059907834101382486,0.6165413533834586,0.5645161290322581,0.5,0.4444444444444444,4
201483,Madison Brengle,0.007257646448937273,0.03939865215137377,0.5146785581568191,0.45779543197616684,0.44798657718120805,0.3821339950372209,66
202477,Dinah Pfizenmaier,0.0,0.03225806451612903,0.6923076923076923,0,0.4444444444444444,0.4117647058823529,1
201638,Estrella Cabeza Candela,0.030927835051546393,0.041237113402061855,0.6111111111111112,0,0.5882352941176471,0.5555555555555556,1
206194,Gabriela Ce,0.0,0.03529411764705882,0.5441176470588235,0,0.2857142857142857,0.7692307692307692,1
201426,Pauline Parmentier,0.033180374161666075,0.05930109424638193,0.5832821143208359,0.47087857847976305,0.48655256723716384,0.36397058823529416,42
201640,Maria Teresa Torro Flor,0.010351966873706004,0.08074534161490683,0.5532544378698225,0.5684210526315789,0.527027027027027,0.5151515151515151,6
202421,Alison Van Uytvanck,0.05115884680610514,0.03985302430751837,0.6279831539541413,0.4784,0.5194508009153318,0.32698412698412693,49
202440,Paula Ormaechea,0.028985507246376812,0.0,0.5849056603773585,0,0.4,0.5,1
204427,Sara Sorribes Tormo,0.00525164113785558,0.08796498905908097,0.5006821282401092,0.4867986798679868,0.44086021505376344,0.413953488372093,38
202705,Veronica Cepede Royg,0.01224739742804654,0.04592774035517452,0.5596153846153846,0.5393700787401575,0.45595854922279794,0.49193548387096775,23
205591,Paula Cristina Goncalves,0.03389830508474576,0.0847457627118644,0.6,0,0.2857142857142857,0.4,1
201311,Roberta Vinci,0.03244751137865218,0.024665981500513873,0.6382153249272551,0.5104,0.5528031290743155,0.4578754578754579,112
202479,Grace Min,0.01366120218579235,0.03278688524590164,0.49206349206349204,0.49473684210526314,0.4117647058823529,0.33333333333333337,6
201541,Chanelle Scheepers,0.0035714285714285713,0.08214285714285714,0.5846994535519126,0.6935483870967742,0.5925925925925926,0.3666666666666667,4
202498,Julia Glushko,0.01440329218106996,0.06584362139917696,0.5213414634146342,0.5181818181818182,0.375,0.3584905660377359,10
201318,Bethanie Mattek Sands,0.023622047244094488,0.04232283464566929,0.603201347935973,0.477792732166891,0.5283018867924528,0.4162162162162162,27
201593,Irina Camelia Begu,0.03228803716608595,0.06039488966318235,0.5770503861713865,0.5121212121212121,0.5017301038062284,0.4247787610619469,64
201542,Olivia Rogowska,0.043668122270742356,0.0611353711790393,0.65,0.6285714285714286,0.52,0.3076923076923077,3
213583,Tatjana Maria,0.044466403162055336,0.038537549407114624,0.5963699222126189,0.4482758620689655,0.5367892976588629,0.42910447761194026,57
202302,Maria Fernanda Alves,0.0,0.03773584905660377,0.5757575757575758,0.8888888888888888,0.6363636363636364,0.33333333333333337,1
202490,Rebecca Peterson,0.023653088042049936,0.04467805519053877,0.5634765625,0.49292452830188677,0.5353982300884956,0.2890625,24
211635,Louisa Chirico,0.026622296173044926,0.064891846921797,0.5141158989598811,0.48089887640449436,0.41578947368421054,0.45238095238095233,21
203521,Andrea Gamiz,0.0,0.039525691699604744,0.46236559139784944,0.6875,0.5869565217391305,0.36363636363636365,3
202467,Elitsa Kostova,0.013793103448275862,0.020689655172413793,0.5693430656934306,0.4444444444444444,0.484375,0.4285714285714286,7
201532,Anastasia Pivovarova,0.006896551724137931,0.15172413793103448,0.5977011494252874,0.6666666666666666,0.4583333333333333,0.8181818181818181,2
201696,Laura Siegemund,0.012521343198634035,0.06004553215708594,0.5506141465480728,0.5047923322683706,0.4980544747081712,0.38372093023255816,51
203379,Marina Melnikova,0.0045871559633027525,0.11467889908256881,0.5616438356164384,0.45454545454545453,0.5238095238095238,0.6666666666666667,3
203518,Paula Kania,0.0196078431372549,0.0784313725490196,0.5522388059701493,0.52,0.5,0.47619047619047616,3
206178,Susanne Celik,0.023255813953488372,0.046511627906976744,0.49333333333333335,0.6470588235294118,0.45454545454545453,0.3529411764705882,2
206183,Cindy Burger,0.030120481927710843,0.09939759036144578,0.5574712643678161,0.5603448275862069,0.391304347826087,0.5405405405405406,4
202430,Alize Lim,0.012345679012345678,0.037037037037037035,0.5772357723577236,0.8636363636363636,0.23529411764705882,0.4545454545454546,2
206430,Carolina Meligeni Rodrigues Alves,0.0,0.043010752688172046,0.4626865671641791,0.5833333333333334,0.21428571428571427,0.4,2
201605,Mandy Minella,0.027926960257787327,0.028464017185821696,0.5459817729908865,0.4831081081081081,0.5037593984962406,0.39473684210526316,29
213604,Luisa Stefani,0.0196078431372549,0.0392156862745098,0.4642857142857143,0.9,0.3333333333333333,0.4,1
206124,Tereza Martincova,0.012987012987012988,0.031385281385281384,0.5526717557251909,0.5062761506276151,0.4961832061068702,0.4117647058823529,13
206045,Quirine Lemoine,0.007905138339920948,0.039525691699604744,0.5,0.45121951219512196,0.5,0.5,4
201548,Ajla Tomljanovic,0.04041146216017634,0.0683321087435709,0.6086776859504133,0.455137481910275,0.48811700182815354,0.3830409356725146,61
201440,Laura Pous Tio,0.0,0.0273972602739726,0.5106382978723404,0.75,0.375,0.5,1
202494,Elina Svitolina,0.04326856188841998,0.03617307424755368,0.6595232724264982,0.5220706260032103,0.5502044525215811,0.47379310344827585,322
211043,Maria Paulina Perez Garcia,0.0,0.04838709677419355,0.4318181818181818,0.8181818181818182,0.6153846153846154,1.0,1
200617,Kimiko Date Krumm,0.012987012987012988,0.0735930735930736,0.5605095541401274,0.8367346938775511,0.44,0.47058823529411764,6
201604,Irina Falconi,0.011102886750555145,0.0688378978534419,0.5631901840490797,0.4794520547945205,0.4807692307692308,0.4956521739130435,22
201514,Sorana Cirstea,0.025353016688061617,0.044287548138639284,0.5736899563318777,0.45198237885462555,0.45539906103286387,0.3708609271523179,44
211864,Maria Fernanda Herazo Gonzalez,0.05263157894736842,0.08421052631578947,0.6507936507936508,0.9375,0.6153846153846154,0.3846153846153846,1
201603,Shelby Rogers,0.04358610914245216,0.041105598866052445,0.584096109839817,0.4892966360856269,0.5025641025641026,0.4796380090497737,41
201531,Mariana Duque Marino,0.023023791250959325,0.05065234075211052,0.5771725032425421,0.46373626373626375,0.5081081081081081,0.35593220338983056,23
202464,Yuliana Lizarazo,0.0,0.0392156862745098,0.5714285714285714,0.6153846153846154,0.5714285714285714,0.0,1
201657,Nastja Kolar,0.037037037037037035,0.018518518518518517,0.6153846153846154,0.6153846153846154,0.5,0.0,1
201468,Yaroslava Shvedova,0.03732162458836443,0.05543358946212953,0.5715495342929721,0.5092936802973977,0.4915254237288136,0.4076923076923077,27
203500,Sachia Vickery,0.025797691785471828,0.05023761031907671,0.5400696864111498,0.5176470588235295,0.49528301886792453,0.40601503759398494,21
201568,Kristina Kucova,0.008287292817679558,0.06629834254143646,0.5553869499241275,0.4738372093023256,0.4230769230769231,0.3448275862068966,17
202484,Nicole Gibbs,0.013131976362442548,0.05384110308601445,0.5852842809364549,0.449438202247191,0.4292682926829268,0.42400000000000004,26
201370,Anastasia Rodionova,0.014814814814814815,0.05185185185185185,0.5647058823529412,0.6451612903225806,0.5263157894736842,0.2666666666666667,3
201620,Monica Puig,0.04096613781671797,0.059199621122424814,0.5967365967365967,0.5107758620689655,0.4990892531876138,0.3976261127596439,63
201662,Karolina Pliskova,0.09661166393752361,0.04379224923374061,0.7207712293176535,0.5315226742042521,0.620259019426457,0.4552874378992193,351
201450,Tsvetana Pironkova,0.028286189683860232,0.029118136439267885,0.5912921348314607,0.45414364640883975,0.48493975903614456,0.3901345291479821,33
201501,Olga Govortsova,0.011124845488257108,0.032138442521631644,0.5521023765996343,0.4424778761061947,0.4878048780487805,0.3707865168539326,14
201535,Coco Vandeweghe,0.08849071122348026,0.059690007694844456,0.7258096962381815,0.5845896147403685,0.581081081081081,0.4225352112676056,146
201427,Alize Cornet,0.022575427245235247,0.06399887474505943,0.6324936750632494,0.5362559241706161,0.5550996483001173,0.48950276243093926,213
214123,Kristina Schmiedlova,0.0,0.058823529411764705,0.375,0.6,0.3333333333333333,0.4285714285714286,1
201533,Shuai Zhang,0.022138680033416874,0.03905597326649958,0.5788774493523746,0.4669187145557656,0.49696969696969695,0.4082687338501292,67
201320,Svetlana Kuznetsova,0.0408102249794454,0.044472681067344345,0.6410893886314838,0.5391481764855904,0.5480701754385965,0.48878107944208615,201
201512,Monica Niculescu,0.007482014388489209,0.02474820143884892,0.5029784065524944,0.47863247863247865,0.4455252918287938,0.36866359447004604,55
200002,Mirjana Lucic,0.04255980118049084,0.08915812364088226,0.6570101120524734,0.5430523917995445,0.5381679389312977,0.5125348189415042,95
201518,Yanina Wickmayer,0.04505180958101817,0.052109926415377684,0.6558303886925795,0.5302956858943286,0.5653370013755158,0.45403111739745405,102
202429,Camila Giorgi,0.03464912280701754,0.09912280701754386,0.5891561664757541,0.5739365293720459,0.4952076677316294,0.40810810810810816,67
201586,Heather Watson,0.04084287200832466,0.04968782518210198,0.6068601583113457,0.49008082292432037,0.5386064030131826,0.3726708074534162,53
201455,Elena Vesnina,0.03390435403283369,0.0516297882464906,0.6335733232284957,0.5494791666666666,0.5802083333333333,0.4539078156312625,121
202450,Jana Cepelova,0.012422360248447204,0.040654997176736304,0.5472340425531915,0.4453125,0.45703125,0.375,26
201366,Barbora Zahlavova Strycova,0.031624284618561566,0.03699333293999646,0.6324089178901577,0.5372964786065885,0.575516693163752,0.47137404580152675,254
211951,Ana Konjuh,0.053935147466188695,0.06778556297865407,0.6761904761904762,0.5461056401074306,0.5819548872180451,0.4753173483779972,95
202505,Belinda Bencic,0.03806591561122385,0.058148485060527604,0.669917978275327,0.5493785310734464,0.5672436750998668,0.45558086560364464,214
202702,Tereza Smitkova,0.07293354943273905,0.06482982171799027,0.6402116402116402,0.5604395604395604,0.625,0.40909090909090906,10
201425,Lucie Safarova,0.07364108713029577,0.04966027178257394,0.7071928707829408,0.5757669662224977,0.6142191142191142,0.42844284428442847,140
201619,Madison Keys,0.08487818737126217,0.03054194189928262,0.7082400358262427,0.5426751592356688,0.6097959183673469,0.4444444444444444,218
201539,Christina Mchale,0.029061721561029614,0.053971768613340715,0.5709123757904245,0.4653878231859883,0.5174311926605505,0.42138364779874216,49
201540,Kristina Mladenovic,0.053654076909890866,0.06639620593108965,0.6744231330931749,0.5384742404227213,0.5718733783082511,0.4673267326732673,252
201590,Alison Riske,0.023623232019259706,0.05281372253987361,0.6308416451865965,0.5703359737776563,0.556333100069979,0.4340758579169175,183
201610,Zarina Diyas,0.021759403170655892,0.04289710910786447,0.5558096980786825,0.49830508474576274,0.5099778270509978,0.4251012145748988,46
202492,Qiang Wang,0.03588007736943907,0.029980657640232108,0.6389016720355882,0.5411193603655055,0.5576576576576576,0.47187060478199716,177
202681,Gabriela Dabrowski,0.03,0.03666666666666667,0.48947368421052634,0.5698924731182796,0.5576923076923077,0.2941176470588235,5
201616,Lauren Davis,0.014072372199885124,0.06691556576680069,0.5749884633133364,0.45988805970149255,0.48659003831417624,0.44147157190635455,52
200043,Virginie Razzano,0.030033370411568408,0.06674082313681869,0.618657937806874,0.5844155844155844,0.5094339622641509,0.5573770491803278,13
201621,Mona Barthel,0.04880187025131502,0.07802454704850964,0.628600303183426,0.49185946872322195,0.5233050847457628,0.32484076433121023,49
201615,Lesia Tsurenko,0.017519908987485778,0.06416382252559727,0.5440306300034807,0.508557457212714,0.4769475357710652,0.4054054054054054,72
201478,Varvara Lepchenko,0.029362089125633362,0.034688839807717295,0.6148687488024526,0.5303717135086129,0.5638766519823789,0.45883777239709445,109
206219,Oceane Dodin,0.0570409982174688,0.09685086155674391,0.6774941995359629,0.5022900763358779,0.5462962962962963,0.4356435643564357,23
201585,Sloane Stephens,0.022341019707970956,0.025771962020266496,0.6290170132325141,0.5572192513368984,0.5772113943028486,0.47681704260651625,188
203297,Nadiya Kichenok,0.009900990099009901,0.0891089108910891,0.5081967213114754,0.7407407407407407,0.2857142857142857,0.23076923076923073,2
202453,Saisai Zheng,0.010597826086956521,0.033967391304347824,0.523121387283237,0.45293072824156305,0.4658493870402802,0.3978494623655914,60
201444,Su Wei Hsieh,0.00974103112378237,0.04371584699453552,0.5488983378430614,0.5045422781271838,0.4862068965517241,0.3881748071979434,60
201485,Alla Kudryavtseva,0.01694915254237288,0.06779661016949153,0.5461254612546126,0.44954128440366975,0.4262295081967213,0.4642857142857143,7
201457,Jarmila Gajdosova,0.053591790193842644,0.053591790193842644,0.6318785578747628,0.47651006711409394,0.5,0.27692307692307694,14
201290,Daniela Hantuchova,0.036883356385431075,0.06177962194559705,0.6261549395877755,0.5996784565916399,0.5271317829457365,0.4698275862068966,33
203591,Katy Dunne,0.008771929824561403,0.06140350877192982,0.5285714285714286,0.6451612903225806,0.4,0.23529411764705888,2
202427,Johanna Konta,0.0645859085290482,0.034857849196538934,0.6902697964351807,0.5685944226090212,0.6180939226519337,0.44810624692572554,248
201517,Magdalena Rybarikova,0.05600916774101131,0.03710070190517118,0.668546212306938,0.5277569392348087,0.5756791720569211,0.48058902275769744,105
201348,Casey Dellacqua,0.029308323563892145,0.05509964830011723,0.583941605839416,0.592,0.47959183673469385,0.33333333333333337,13
201402,Sesil Karatantcheva,0.02666666666666667,0.13142857142857142,0.5448717948717948,0.6382978723404256,0.5631067961165048,0.4137931034482759,9
201709,Yulia Putintseva,0.01416256157635468,0.03920361247947455,0.5500910746812386,0.47942238267148013,0.46439169139465875,0.3824175824175824,73
201492,Andrea Petkovic,0.02355585964226371,0.049750757501710485,0.6151456885076172,0.5526492287055668,0.5424567188788129,0.4630577907827359,155
202428,Kiki Bertens,0.07033808915783045,0.05823571864764337,0.7005982337859652,0.5411161200062179,0.5792163543441227,0.48463564530289727,269
204430,Antonia Lottner,0.03460207612456748,0.04152249134948097,0.5610972568578554,0.4966442953020134,0.4578313253012048,0.31034482758620685,9
201513,Sabine Lisicki,0.07971950544380882,0.07436796456910869,0.6977186311787072,0.5634792004321988,0.5605786618444847,0.43778110944527737,80
201562,Silvia Soler Espinosa,0.012903225806451613,0.024516129032258065,0.5047438330170778,0.4439461883408072,0.5072463768115942,0.38596491228070173,13
201339,Renata Voracova,0.0,0.14432989690721648,0.5507246376811594,1.0,0.5714285714285714,0.2857142857142857,1
201595,Misaki Doi,0.015567765567765568,0.0347985347985348,0.5730788548468106,0.473458904109589,0.5292887029288703,0.40963855421686746,48
202469,Garbine Muguruza,0.05092383956737269,0.04393871113114015,0.6757191352510273,0.5420058894855361,0.5933752141633353,0.47627494456762753,283
201523,Marina Erakovic,0.03104026845637584,0.05956375838926174,0.6398891966759003,0.49740932642487046,0.5329341317365269,0.36458333333333337,18
201355,Flavia Pennetta,0.03288490284005979,0.05331340308918784,0.6461668070766639,0.5864022662889519,0.6023166023166023,0.47346938775510206,41
201466,Kaia Kanepi,0.044683393070489845,0.06069295101553166,0.6582178217821782,0.540948275862069,0.5672268907563025,0.45692883895131087,61
201524,Urszula Radwanska,0.01818181818181818,0.05227272727272727,0.5,0.5447761194029851,0.39705882352941174,0.4423076923076923,8
213634,Rita Atik,0.0,0.0,0.3076923076923077,0,0.14285714285714285,0,1
201490,Timea Bacsinszky,0.023197831978319785,0.03436314363143631,0.6197387518142236,0.5563798219584569,0.5479723046488625,0.4772545889864326,140
201496,Caroline Wozniacki,0.03731768459434822,0.030423883318140384,0.6562816616008106,0.5363917924893534,0.5787671232876712,0.5072719259585721,269
206374,Yafan Wang,0.018611670020120725,0.04124748490945674,0.5644891122278057,0.48441926345609065,0.5163636363636364,0.38613861386138615,28
204304,Jawairiah Noordin,0.018867924528301886,0.09433962264150944,0.5555555555555556,0.8888888888888888,0.5714285714285714,0.1428571428571429,1
202503,Luksika Kumkhum,0.02107728337236534,0.06947697111631537,0.5794871794871795,0.5146341463414634,0.4642857142857143,0.3979591836734694,20
201612,Junri Namigata,0.008620689655172414,0.08620689655172414,0.56,0.6956521739130435,0.3684210526315789,0.4285714285714286,2
203462,Kateryna Kozlova,0.02192729371032891,0.040392383150605886,0.5392070484581498,0.49230769230769234,0.45726495726495725,0.432258064516129,25
202504,Ying Ying Duan,0.03890410958904109,0.04657534246575343,0.5881410256410257,0.4306122448979592,0.5325670498084292,0.44166666666666665,28
201703,Yi Fan Xu,0.0070921985815602835,0.03546099290780142,0.5046728971962616,0.782608695652174,0.5238095238095238,0.33333333333333337,3
201567,Alexandra Dulgheru,0.009221311475409836,0.05635245901639344,0.5068681318681318,0.5159574468085106,0.46153846153846156,0.30841121495327106,19
201345,Maria Sharapova,0.07079766272591384,0.08180459301535535,0.695632496039828,0.5934159897392048,0.5827439886845828,0.44103547459252157,118
202594,Elena Bogdan,0.0,0.05555555555555555,0.5753424657534246,0.6956521739130435,0.42857142857142855,0.4444444444444444,2
201614,Caroline Garcia,0.05953464845725847,0.03662114314618108,0.6615505090054816,0.5780328391519209,0.5957775489186405,0.4443929564411492,289
204420,Marcela Zacarias,0.0,0.09523809523809523,0.4666666666666667,0,0.4,0.6666666666666667,1
204419,Ana Sofia Sanchez,0.0,0.1276595744680851,0.5254237288135594,0.6,0.5454545454545454,0.0,2
213631,Marie Bouzkova,0.012479201331114808,0.02329450915141431,0.5393258426966292,0.46994535519125685,0.4857142857142857,0.38211382113821135,17
201421,Ana Ivanovic,0.04454022988505747,0.06202107279693487,0.671618451915559,0.5481481481481482,0.5747863247863247,0.441696113074205,69
201400,Nicole Vaidisova,0.08597285067873303,0.03167420814479638,0.6028368794326241,0.5333333333333333,0.4444444444444444,0.5416666666666667,3
201329,Vera Zvonareva,0.026662166722915964,0.05534930813364833,0.6288441145281018,0.5460526315789473,0.5678670360110804,0.505464480874317,45
206049,Jovana Jaksic,0.06103286384976526,0.10328638497652583,0.6486486486486487,0.4155844155844156,0.6153846153846154,0.26315789473684215,3
202446,Eugenie Bouchard,0.03444945267224726,0.04475209272376046,0.6353649893692417,0.5484764542936288,0.5461538461538461,0.4666666666666667,138
201414,Michaella Krajicek,0.1513157894736842,0.02631578947368421,0.6767676767676768,0.6190476190476191,0.6875,0.5454545454545454,2
202500,Maria Sanchez,0.12903225806451613,0.06451612903225806,0.6341463414634146,0.9090909090909091,0.5,0.33333333333333337,1
202468,Jessica Pegula,0.019853709508881923,0.04075235109717868,0.5512605042016807,0.46835443037974683,0.47619047619047616,0.36363636363636365,17
211684,Magdalena Frech,0.029182879377431907,0.05058365758754864,0.5436893203883495,0.4514285714285714,0.4634146341463415,0.39534883720930236,8
201424,Shahar Peer,0.0,0.04891304347826087,0.4745762711864407,0.6792452830188679,0.28,0.6111111111111112,5
201588,Anna Tatishvili,0.019189765458422176,0.04477611940298507,0.5288461538461539,0.42063492063492064,0.4057971014492754,0.3783783783783784,8
202436,Reka Luca Jani,0.011764705882352941,0.058823529411764705,0.4918032786885246,0.75,0.35714285714285715,0.5,3
202669,Cristina Dinu,0.04861111111111111,0.027777777777777776,0.6,0.625,0.6153846153846154,0.3846153846153846,2
204434,Ysaline Bonaventure,0.025906735751295335,0.09844559585492228,0.5875370919881305,0.5568181818181818,0.4875,0.39583333333333337,8
201551,Arantxa Rus,0.023862788963460103,0.06040268456375839,0.5588235294117647,0.5258855585831063,0.53,0.3307086614173228,20
201387,Sofia Arvidsson,0.018518518518518517,0.037037037037037035,0.4594594594594595,1.0,0.5454545454545454,0,1
201397,Shuai Peng,0.027166882276843468,0.030760385223515884,0.6362419102878821,0.5266429840142096,0.5922693266832918,0.4693627450980392,103
200009,Tamarine Tanasugarn,0.0,0.06896551724137931,0.5128205128205128,0,0.5,0.5,1
201472,Romina Oprandi,0.02564102564102564,0.02564102564102564,0.6041666666666666,0.6428571428571429,0.75,0.8571428571428572,1
201631,Nicha Lertpitaksinchai,0.0,0.0,0.5,0,0.3333333333333333,0,1
201442,Yung Jan Chan,0.05952380952380952,0.10714285714285714,0.6727272727272727,0,0.5555555555555556,0.25,1
200748,Venus Williams,0.04059957818620066,0.05619162398312745,0.6583590376310919,0.5407608695652174,0.5757162346521146,0.46687306501547987,195
201611,Daria Gavrilova,0.027675276752767528,0.0691172296338348,0.6283360790774299,0.5498127340823971,0.5607205113306217,0.47547605308713214,196
211533,Jelena Ostapenko,0.04181635292427073,0.08938065814053743,0.6533437826541275,0.5434436030290952,0.5260635110844817,0.49622030237580994,200
203567,Ipek Soylu,0.013422818791946308,0.09060402684563758,0.5340314136125655,0.5217391304347826,0.4423076923076923,0.3870967741935484,5
201505,Ekaterina Makarova,0.03615133115366651,0.04054180289584306,0.6491055078180026,0.5435315757204169,0.5642161204605846,0.46003134796238243,162
201648,Naomi Broady,0.10909090909090909,0.05381818181818182,0.6914765906362546,0.4911504424778761,0.5828220858895705,0.36764705882352944,19
203341,Sanaz Marand,0.03225806451612903,0.03225806451612903,0.575,0,0.6,1.0,1
203501,Taylor Townsend,0.037990985189954925,0.0334835801674179,0.591937069813176,0.5,0.5727272727272728,0.32456140350877194,21
211796,Francoise Abanda,0.03184713375796178,0.04203821656050955,0.5913757700205339,0.46511627906976744,0.5801526717557252,0.4117647058823529,11
203475,Carol Zhao,0.0,0.08888888888888889,0.45454545454545453,0.5,0.4375,0.0,2
201521,Carla Suarez Navarro,0.017148073286822715,0.024907087435613224,0.624515503875969,0.5175173010380623,0.554846198491004,0.4683668464933791,241
201594,Simona Halep,0.028512417510452873,0.038486726109515895,0.6427769040665019,0.5558269364968598,0.5586945932781295,0.5029219663114473,315
202487,Nastassja Burnett,0.016666666666666666,0.08333333333333333,0.675,0.8461538461538461,0.625,0.25,1
215042,Katie Swan,0.06451612903225806,0.0967741935483871,0.5416666666666666,0.6428571428571429,0.4444444444444444,0.5,2
201508,Petra Cetkovska,0.0603448275862069,0.09482758620689655,0.7083333333333334,0.6470588235294118,0.4,0.16666666666666663,3
201547,Michelle Larcher De Brito,0.0035971223021582736,0.06474820143884892,0.5459459459459459,0.6153846153846154,0.5161290322580645,0.4347826086956522,5
211279,Harriet Dart,0.027576197387518143,0.06386066763425254,0.555,0.5194805194805194,0.5304347826086957,0.33333333333333337,11
201443,Alexa Glatch,0.0136986301369863,0.0273972602739726,0.5921052631578947,0.56,0.5,0.625,2
201462,Alberta Brianti,0.03333333333333333,0.016666666666666666,0.4594594594594595,0.8333333333333334,0.2857142857142857,0.6,1
201365,Edina Gallovits Hall,0.010101010101010102,0.0707070707070707,0.5428571428571428,1.0,0.5,0.625,1
214263,Catherine Cartan Bellis,0.01195219123505976,0.06089926010244735,0.5527065527065527,0.47128378378378377,0.5086505190311419,0.3648648648648649,26
211651,Paula Badosa,0.033182503770739065,0.05731523378582202,0.6184538653366584,0.515695067264574,0.5795454545454546,0.33333333333333337,10
202460,Ons Jabeur,0.047497259773474604,0.04567044208987943,0.6135265700483091,0.47253705318221445,0.49702380952380953,0.39919354838709675,38
204377,Indy De Vroome,0.06741573033707865,0.10112359550561797,0.6403508771929824,0.6136363636363636,0.3157894736842105,0.5714285714285714,3
212001,Natalia Vikhlyantseva,0.03520536462699078,0.06705783738474434,0.6375698324022346,0.4923469387755102,0.5570032573289903,0.3471502590673575,30
211321,Klaartje Liebens,0.01694915254237288,0.06779661016949153,0.5,0.6363636363636364,0.5454545454545454,0,1
201613,Arina Rodionova,0.01048951048951049,0.06118881118881119,0.5687830687830688,0.52,0.4383561643835616,0.2075471698113207,10
201423,Yvonne Meusburger,0.0,0.1568627450980392,0.5,0,0.25,0.4,1
204411,Storm Sanders,0.03731343283582089,0.07462686567164178,0.5138888888888888,0.5641025641025641,0.5217391304347826,0.41666666666666663,2
201578,Kai Chen Chang,0.02617801047120419,0.09773123909249563,0.5542168674698795,0.5112359550561798,0.5054945054945055,0.39583333333333337,9
201428,Mathilde Johansson,0.04918032786885246,0.06557377049180328,0.6333333333333333,0,0.2222222222222222,0.625,1
202706,Manon Arcangioli,0.0,0.05714285714285714,0.22727272727272727,0,0.0,1.0,1
211539,Fiona Ferro,0.01245753114382786,0.026047565118912798,0.5355086372360844,0.486404833836858,0.448,0.3529411764705882,14
203281,Amandine Hesse,0.06998158379373849,0.055248618784530384,0.5880281690140845,0.4326923076923077,0.4883720930232558,0.375,10
202496,Samantha Crawford,0.0631768953068592,0.06678700361010831,0.6205673758865248,0.5,0.5301204819277109,0.4864864864864865,8
201447,Vania King,0.007585335018963337,0.04424778761061947,0.5518672199170125,0.44015444015444016,0.47580645161290325,0.5483870967741935,12
201573,Laura Robson,0.03680981595092025,0.08384458077709611,0.6051660516605166,0.4876543209876543,0.5352112676056338,0.3191489361702128,7
211222,Jamie Loeb,0.048,0.06,0.52,0.4897959183673469,0.35294117647058826,0.5,4
203530,Viktorija Golubic,0.00949667616334283,0.051756885090218425,0.5506732813607371,0.4904679376083189,0.5252525252525253,0.4137931034482759,27
202454,Erika Sema,0.0,0.03225806451612903,0.41304347826086957,0,0.631578947368421,0.33333333333333337,1
203504,Miyu Kato,0.0029069767441860465,0.020348837209302327,0.4978540772532189,0.4673913043478261,0.3695652173913043,0.5263157894736843,6
206289,Maria Sakkari,0.047992863514719,0.04647636039250669,0.6473381294964029,0.5456982042347897,0.5636658556366586,0.47713414634146345,158
204294,Su Jeong Jang,0.006993006993006993,0.04195804195804196,0.6224489795918368,0.6451612903225806,0.5294117647058824,0.30434782608695654,3
205815,Eri Hozumi,0.0,0.04,0.5223880597014925,0.9333333333333333,0.625,0.5833333333333333,1
211768,Naomi Osaka,0.08443762120232709,0.03312863606981254,0.714817880794702,0.5250318201103097,0.6041666666666666,0.48484848484848486,188
211702,Nao Hibino,0.017524644030668127,0.04271631982475356,0.5515507124895223,0.5238095238095238,0.515625,0.3214285714285714,30
213525,Jil Belen Teichmann,0.030985915492957747,0.0431924882629108,0.5952755905511811,0.4375,0.5,0.4411764705882353,16
215037,Kayla Day,0.024896265560165973,0.06431535269709543,0.5849802371541502,0.5026178010471204,0.42028985507246375,0.31707317073170727,8
211700,Barbora Stefkova,0.03389830508474576,0.0423728813559322,0.5555555555555556,0.7021276595744681,0.37037037037037035,0.37037037037037035,3
203398,Danielle Lao,0.0,0.075,0.65,0.68,0.375,0.41666666666666663,2
202426,Julia Boserup,0.0248565965583174,0.06883365200764818,0.6017441860465116,0.475177304964539,0.4722222222222222,0.34693877551020413,9
201670,Amra Sadikovic,0.05539358600583091,0.061224489795918366,0.6650246305418719,0.6454545454545455,0.53125,0.1923076923076923,4
201486,Aleksandra Wozniak,0.009933774834437087,0.08278145695364239,0.5247524752475248,0.5373134328358209,0.5102040816326531,0.3939393939393939,4
206252,Barbora Krejcikova,0.029850746268656716,0.04975124378109453,0.6036960985626283,0.4770992366412214,0.504424778761062,0.3829787234042553,10
206420,Ekaterina Alexandrova,0.06117755289788408,0.0906163753449862,0.6260364842454395,0.4549019607843137,0.4713804713804714,0.4256410256410257,32
201580,Xinyun Han,0.026217228464419477,0.06554307116104868,0.5768025078369906,0.4634146341463415,0.4691358024691358,0.3214285714285714,8
215064,Maria Mateas,0.0,0.1206896551724138,0.5476190476190477,0,0.3333333333333333,0.33333333333333337,1
206108,Jennifer Brady,0.07018965796725564,0.03971470254498298,0.7026788342655285,0.5392586687923475,0.5983739837398374,0.4304347826086956,87
201534,Asia Muhammed,0.028169014084507043,0.046948356807511735,0.5968992248062015,0.5161290322580645,0.4074074074074074,0.5333333333333333,3
202478,Tara Moore,0.04281345565749235,0.09480122324159021,0.6470588235294118,0.5892857142857143,0.6666666666666666,0.3125,4
213899,Frances Altick,0.0,0.0,0.5454545454545454,0,0.6923076923076923,0.19999999999999996,1
204246,Lesley Kerkhove,0.023333333333333334,0.09666666666666666,0.5397727272727273,0.651685393258427,0.4,0.3548387096774194,4
206075,Hiroko Kuwata,0.02040816326530612,0.061224489795918366,0.45054945054945056,0.6,0.30434782608695654,0.36363636363636365,3
214534,Komola Umarova,0.0,0.16326530612244897,0.47058823529411764,0,0.4,0.4,1
202701,Irina Khromacheva,0.028795811518324606,0.06544502617801047,0.6226415094339622,0.544,0.42857142857142855,0.32352941176470584,6
215035,Dayana Yastremska,0.037269869779973056,0.07364167040862146,0.5989304812834224,0.5271739130434783,0.4826388888888889,0.37089201877934275,31
201674,Sabina Sharipova,0.006514657980456026,0.0749185667752443,0.5397727272727273,0.575,0.5,0.5,4
202410,Sofia Shapatava,0.04918032786885246,0.04918032786885246,0.7066666666666667,0.5517241379310345,0.5833333333333334,0.3125,2
206146,Catalina Pella,0.032467532467532464,0.07792207792207792,0.6263736263736264,0.6216216216216216,0.45,0.5833333333333333,2
214312,Sherazad Reix,0.03076923076923077,0.046153846153846156,0.7446808510638298,0,0.4,0.4444444444444444,1
215306,Emiliana Arango,0.02857142857142857,0.14285714285714285,0.5238095238095238,0,0.2857142857142857,0.0,1
206433,Nadia Echeverria Alam,0.08,0.14,0.5833333333333334,1.0,0.4444444444444444,0,1
202858,Anne Schaefer,0.014285714285714285,0.05714285714285714,0.4782608695652174,0.75,0.6,0.4285714285714286,1
203564,Chloe Paquet,0.06074074074074074,0.07111111111111111,0.6327077747989276,0.4605809128630705,0.47126436781609193,0.39583333333333337,10
206037,Daniela Seguel,0.007142857142857143,0.02857142857142857,0.4845360824742268,0.7857142857142857,0.45454545454545453,0.4,2
202424,Conny Perrin,0.03816793893129771,0.03307888040712468,0.5871212121212122,0.5242718446601942,0.4888888888888889,0.4193548387096774,5
201618,Fatma Al Nabhani,0.011583011583011582,0.10424710424710425,0.41044776119402987,0.4367816091954023,0.3888888888888889,0.38095238095238093,5
204429,Ghita Benhadi,0.0,0.05555555555555555,0.2608695652173913,0,0.14285714285714285,0.25,1
215020,Anna Blinkova,0.0253324889170361,0.077897403419886,0.5917721518987342,0.49798387096774194,0.4657534246575342,0.41007194244604317,23
214646,Xiaodi You,0.010526315789473684,0.031578947368421054,0.5,0.4852941176470588,0.45714285714285713,0.43999999999999995,3
211719,Shilin Xu,0.023255813953488372,0.11627906976744186,0.5833333333333334,0,0.0,0.0,1
212026,Kwan Yau Ng,0.0,0.1111111111111111,0.6923076923076923,0.6363636363636364,0.5454545454545454,0.0,1
212034,Fang Ying Xun,0.04032258064516129,0.056451612903225805,0.5555555555555556,0.5357142857142857,0.5714285714285714,0.33333333333333337,2
211216,Cristiana Ferrando,0.0,0.057692307692307696,0.6176470588235294,0.9,0.5,1.0,1
202622,Lyudmyla Kichenok,0.012121212121212121,0.10303030303030303,0.6206896551724138,0.6666666666666666,0.5,0.36363636363636365,2
204291,Na Lae Han,0.00641025641025641,0.08974358974358974,0.47435897435897434,0.5882352941176471,0.6,0.5,2
201565,Katarzyna Piter,0.0,0.07692307692307693,0.5,1.0,0.2857142857142857,0.33333333333333337,1
202502,So Ra Lee,0.0,0.07246376811594203,0.5277777777777778,0.5555555555555556,0.5,1.0,1
213767,Ayla Aksu,0.03225806451612903,0.0967741935483871,0.5714285714285714,0.5555555555555556,0.3333333333333333,0.41666666666666663,2
211874,Victoria Rodriguez,0.013605442176870748,0.047619047619047616,0.4774774774774775,0.9523809523809523,0.2631578947368421,0.7777777777777778,2
201667,Ling Zhang,0.010869565217391304,0.07065217391304347,0.4864864864864865,0.6274509803921569,0.28,0.09090909090909094,4
210957,Cornelia Lister,0.011235955056179775,0.0898876404494382,0.5357142857142857,0.8125,0.45454545454545453,0.41666666666666663,1
214040,Kimberly Birrell,0.031746031746031744,0.050793650793650794,0.5247524752475248,0.48936170212765956,0.52,0.5384615384615384,6
213666,Maddison Inglis,0.01834862385321101,0.045871559633027525,0.4666666666666667,0.5625,0.29411764705882354,0.4,2
201679,Varatchaya Wongteanchai,0.0,0.0,0.40625,1.0,0.5454545454545454,0,1
215155,Olesya Pervushina,0.07608695652173914,0.10869565217391304,0.625,0.7777777777777778,0.25,1.0,1
203553,Riko Sawayanagi,0.008620689655172414,0.10344827586206896,0.5522388059701493,0.7692307692307693,0.5,0.33333333333333337,2
202458,Ashleigh Barty,0.08170200192066189,0.04203294673856837,0.718516674962668,0.5628048780487804,0.6013925152306353,0.46662468513853905,199
202379,Chieh Yu Hsu,0.025423728813559324,0.03389830508474576,0.5507246376811594,0.6785714285714286,0.4375,0.09999999999999998,2
203435,Dalila Jakupovic,0.016346837242359632,0.03980099502487562,0.5397350993377483,0.4783599088838269,0.4739583333333333,0.4087591240875912,19
202693,Ya Hsuan Lee,0.02631578947368421,0.04093567251461988,0.5463414634146342,0.5794392523364486,0.5,0.5185185185185186,4
210926,Pei Chi Lee,0.017699115044247787,0.10619469026548672,0.6111111111111112,0.6551724137931034,0.5294117647058824,0.0,2
211846,Kyoka Okamura,0.0,0.018867924528301886,0.6060606060606061,0,0.2857142857142857,0.6666666666666667,1
206368,Veronika Kudermetova,0.06033578174186779,0.041448058761804824,0.644404332129964,0.4535211267605634,0.5555555555555556,0.3581081081081081,24
203576,Kai Lin Zhang,0.004901960784313725,0.07107843137254902,0.5677966101694916,0.5984251968503937,0.5079365079365079,0.5121951219512195,5
210931,Ching Wen Hsu,0.06451612903225806,0.04838709677419355,0.7647058823529411,0.9,0.0,0.0,1
206007,Laura Pigossi,0.010869565217391304,0.043478260869565216,0.6666666666666666,0.875,0.4444444444444444,0.6666666666666667,1
211920,Martina Capurro Taborda,0.0,0.039473684210526314,0.5,0.5714285714285714,0.6,0,1
201399,Emily Webley Smith,0.041666666666666664,0.10416666666666667,0.4,0.7777777777777778,0.5384615384615384,0.33333333333333337,1
206408,Nadia Podoroska,0.022556390977443608,0.045112781954887216,0.5411764705882353,0.6212121212121212,0.5365853658536586,0.2777777777777778,4
213887,Renata Zarazua,0.006072874493927126,0.05060728744939271,0.5327868852459017,0.5384615384615384,0.4805194805194805,0.4137931034482759,6
202695,Aleksandrina Naydenova,0.028037383177570093,0.056074766355140186,0.375,0.6896551724137931,0.43478260869565216,0.5454545454545454,2
202445,Valeria Solovieva,0.0,0.07462686567164178,0.5,1.0,0.45454545454545453,0.33333333333333337,1
214158,Anastasiya Shoshyna,0.0,0.08695652173913043,0.5405405405405406,0.9,0.5714285714285714,0.5,1
202688,Isabella Shinikova,0.05120481927710843,0.05120481927710843,0.6267942583732058,0.4945054945054945,0.5714285714285714,0.23529411764705888,4
211063,Valeriya Strakhova,0.05555555555555555,0.018518518518518517,0.4857142857142857,0,0.25,0.5,1
214304,Vera Lapko,0.03911111111111111,0.05333333333333334,0.6022544283413849,0.4379391100702576,0.5869565217391305,0.4044943820224719,14
206335,Jesika Maleckova,0.02531645569620253,0.0379746835443038,0.5384615384615384,0.8333333333333334,0.5833333333333334,0.6,1
214081,Katharina Hobgarski,0.0,0.09259259259259259,0.41025641025641024,1.0,0.6875,0.25,1
213537,Olga Fridman,0.010101010101010102,0.050505050505050504,0.5416666666666666,0,0.46153846153846156,0.2666666666666667,1
202626,Stephanie Vogt,0.0,0.02666666666666667,0.5869565217391305,0.5714285714285714,0.5714285714285714,0.2666666666666667,2
214818,Mira Antonitsch,0.06557377049180328,0.04918032786885246,0.6060606060606061,0.8181818181818182,0.4444444444444444,0.4,1
212044,Katharina Gerlach,0.0,0.058333333333333334,0.4691358024691358,0.7083333333333334,0.5,0.2857142857142857,2
201454,Akgul Amanmuradova,0.0,0.0,0.61,0,0.5714285714285714,1.0,1
211736,Ivana Jorovic,0.0354251012145749,0.05465587044534413,0.5604026845637584,0.4584615384615385,0.4744525547445255,0.3647058823529412,14
201448,Galina Voskoboeva,0.019933554817275746,0.03322259136212625,0.5976331360946746,0.4519230769230769,0.49122807017543857,0.30952380952380953,6
211227,Lina Gjorcheska,0.009174311926605505,0.01834862385321101,0.6231884057971014,0.8181818181818182,0.4,0.30000000000000004,2
211337,Tamara Korpatsch,0.0041928721174004195,0.05450733752620545,0.5250836120401338,0.5285714285714286,0.5256410256410257,0.3448275862068966,7
200083,Alexandra Stevenson,0.09345794392523364,0.11214953271028037,0.8333333333333334,0.75,0.7857142857142857,0.4285714285714286,1
202456,Alexandra Cadantu,0.01951219512195122,0.07317073170731707,0.5214285714285715,0.625,0.41379310344827586,0.40909090909090906,3
210722,Elise Mertens,0.04566055604410472,0.05560441047148752,0.6611288370557817,0.5455294602389782,0.5856966707768188,0.4778373112518266,218
211685,Rebecca Sramkova,0.05105105105105105,0.05405405405405406,0.6428571428571429,0.4,0.4146341463414634,0.38888888888888884,5
201701,Basak Eraydin,0.0,0.07894736842105263,0.42857142857142855,0,0.0,1.0,1
211411,Nina Stojanovic,0.019148936170212766,0.0851063829787234,0.49056603773584906,0.564935064935065,0.4142857142857143,0.42105263157894735,8
203578,Fangzhou Liu,0.07692307692307693,0.046822742474916385,0.5621621621621622,0.5393258426966292,0.41025641025641024,0.6,5
202659,Tereza Mrdeza,0.0,0.06382978723404255,0.5638297872340425,0.7916666666666666,0.5238095238095238,0.6363636363636364,2
202508,Yuxuan Zhang,0.018315018315018316,0.08424908424908426,0.5886075949367089,0.5694444444444444,0.5641025641025641,0.4411764705882353,3
213821,Wushuang Zheng,0.047619047619047616,0.047619047619047616,0.5384615384615384,0,0.4444444444444444,0.33333333333333337,1
201582,Jing Jing Lu,0.019230769230769232,0.08653846153846154,0.5454545454545454,0.6363636363636364,0.5625,0.4285714285714286,1
213947,Ying Zhang,0.05555555555555555,0.05555555555555555,0.84,0.5,1.0,1.0,1
204223,Peangtarn Plipuech,0.058823529411764705,0.0196078431372549,0.7666666666666667,0,0.25,0.0,2
203288,Jia Jing Lu,0.018229166666666668,0.06770833333333333,0.5981308411214953,0.5075757575757576,0.5471698113207547,0.3695652173913043,4
214487,Ioana Minca,0.030612244897959183,0.09183673469387756,0.5614035087719298,0.6666666666666666,0.7058823529411765,0.4,1
211817,Elena Gabriela Ruse,0.022847100175746926,0.07205623901581722,0.6142433234421365,0.5449438202247191,0.5507246376811594,0.28301886792452835,7
210672,Polina Leykina,0.009345794392523364,0.037383177570093455,0.5901639344262295,0.7647058823529411,0.5,0.5384615384615384,1
202497,Victoria Duval,0.0064516129032258064,0.10967741935483871,0.5346534653465347,0.5384615384615384,0.375,0.25,3
212043,Freya Christie,0.09523809523809523,0.047619047619047616,0.5555555555555556,0.9,0.7272727272727273,0.0,1
214954,Marketa Vondrousova,0.026962348436502873,0.07115507338864072,0.65465872156013,0.5686735653809972,0.5609022556390978,0.47529411764705887,91
203489,Hao Chen Tang,0.0,0.09523809523809523,0.42105263157894735,0.875,0.16666666666666666,0.0,1
211351,Ayaka Okuno,0.0594059405940594,0.0297029702970297,0.6122448979591837,0.9375,0.55,0.6666666666666667,1
201617,Ana Vrljic,0.0,0.18604651162790697,0.6,0,0.0,0.2857142857142857,1
211329,Tena Lukas,0.015873015873015872,0.06349206349206349,0.5151515151515151,1.0,0.3333333333333333,0.23076923076923073,2
202438,Ani Mijacika,0.01818181818181818,0.01818181818181818,0.5135135135135135,0,0.2222222222222222,0.5714285714285714,1
206277,Marine Partaud,0.0,0.18421052631578946,0.5,0,0.2857142857142857,0.25,1
214119,Rebeka Masarova,0.047619047619047616,0.011904761904761904,0.5576923076923077,0.7647058823529411,0.2857142857142857,0.5,1
200067,Patty Schnyder,0.01775147928994083,0.03353057199211045,0.5841269841269842,0.5695364238410596,0.5882352941176471,0.4285714285714286,6
201561,Claire Feuerstein,0.03225806451612903,0.05806451612903226,0.7023809523809523,0.5882352941176471,0.7619047619047619,0.3157894736842105,2
202614,Jacqueline Cako,0.030303030303030304,0.015151515151515152,0.6219512195121951,0.5757575757575758,0.5714285714285714,0.5833333333333333,2
214562,Ingrid Neel,0.02127659574468085,0.06382978723404255,0.5185185185185185,0,0.0,0.4,1
204342,Nan Nan Zhang,0.0,0.03125,0.46296296296296297,0,0.375,0.5,1
213672,Usue Maitane Arconada,0.0056179775280898875,0.033707865168539325,0.575,0.5238095238095238,0.6428571428571429,0.4,2
214261,Michaela Gordon,0.0,0.06666666666666667,0.4117647058823529,0.5714285714285714,0.5,0.0,1
214541,Fanny Stollar,0.055793991416309016,0.05150214592274678,0.6431535269709544,0.43315508021390375,0.5714285714285714,0.33333333333333337,7
203389,Danielle Rose Collins,0.034148827726809376,0.04943934760448522,0.5687446626814688,0.492040520984081,0.4696969696969697,0.4460431654676259,28
202639,Akiko Omae,0.017543859649122806,0.017543859649122806,0.6060606060606061,0.7272727272727273,0.5714285714285714,0,1
214219,Tessah Andrianjafitrimo,0.0,0.047619047619047616,0.3448275862068966,0,0.25,0.0,1
202707,Myrtille Georges,0.008968609865470852,0.09417040358744394,0.5384615384615384,0.5254237288135594,0.4375,0.5172413793103448,3
206391,Ellen Perez,0.03067484662576687,0.0736196319018405,0.5056179775280899,0.6666666666666666,0.4090909090909091,0.25,3
213550,Sofia Kenin,0.025336584331601825,0.050355136223894835,0.6606515490258703,0.5628028326500186,0.5926327193932828,0.4685767097966729,130
211880,Priscilla Hon,0.044444444444444446,0.039316239316239315,0.5963855421686747,0.4724770642201835,0.5476190476190477,0.4054054054054054,8
203526,Tammi Patterson,0.02654867256637168,0.04424778761061947,0.5694444444444444,0.5384615384615384,0.5789473684210527,0.0,2
214863,Sofya Zhuk,0.025210084033613446,0.05042016806722689,0.48717948717948717,0.5517241379310345,0.4444444444444444,0.16666666666666663,2
202606,Claudia Giovine,0.06349206349206349,0.09523809523809523,0.6111111111111112,0,0.4444444444444444,1.0,1
213646,Dalma Galfi,0.04672897196261682,0.056074766355140186,0.6119402985074627,0.4827586206896552,0.6,0.1428571428571429,2
214939,Anna Kalinskaya,0.0211864406779661,0.06779661016949153,0.5563063063063063,0.5120772946859904,0.46,0.36923076923076925,10
202491,Varvara Flink,0.039301310043668124,0.03056768558951965,0.556390977443609,0.5,0.5365853658536586,0.2727272727272727,4
201476,Lauren Albanese,0.03508771929824561,0.03508771929824561,0.631578947368421,0.6428571428571429,0.375,0.5,1
211208,Ho Ching Wu,0.22580645161290322,0.1935483870967742,0.9090909090909091,0.42857142857142855,0,0.8571428571428572,1
216489,Malak Jasim Fardan,0.0,0.25,0.2,0,0.14285714285714285,0,1
215860,Nazli Nader Redha,0.0,0.32142857142857145,0.18181818181818182,0,0.0,0,1
214229,Man Ying Maggie Ng,0.0,0.10256410256410256,0.8888888888888888,0.5384615384615384,0,0.3846153846153846,1
214621,Sadaf Sadeghvaziri,0.014285714285714285,0.15714285714285714,0.4888888888888889,0.6363636363636364,0.6153846153846154,0,1
215108,Sara Amiri,0.029850746268656716,0.1044776119402985,0.6216216216216216,0,0.125,0.5,1
214905,Abigail Tere Apisah,0.009900990099009901,0.04950495049504951,0.5909090909090909,0.9333333333333333,0.6153846153846154,0.5454545454545454,1
210871,Steffi Carruthers,0.0,0.08333333333333333,0.4666666666666667,0.8333333333333334,0.25,0.25,1
215861,Maram Mohamed Sharif,0.0,0.0967741935483871,0.15,0,0.0,1.0,1
215857,Khim Iglupas,0.037037037037037035,0.08641975308641975,0.6086956521739131,0.5357142857142857,0.4,0.7777777777777778,2
210046,Anna Clarice Patrimonio,0.04,0.0,0.9411764705882353,0.75,0,0.8571428571428572,1
206424,Katharina Lehnert,0.0,0.08,0.7222222222222222,0,0.7142857142857143,0.46153846153846156,1
215859,Mayka Zima,0.1111111111111111,0.05555555555555555,0.75,0.4,1.0,0.75,1
221811,Ayana Rengiil,0.02857142857142857,0.05714285714285714,0.8461538461538461,0,0,0.8571428571428572,1
202645,Jessy Rompies,0.044444444444444446,0.06666666666666667,0.7727272727272727,0.46153846153846156,1.0,0.75,1
214471,Alina Lazareva,0.0,0.09523809523809523,0.2857142857142857,0,0.25,0.0,1
205344,Beatrice Gumulya,0.037037037037037035,0.0,0.9,1.0,0,0.8571428571428572,1
216462,Nelli Buyuklianova,0.030303030303030304,0.12121212121212122,0.35,0,0.14285714285714285,0,1
202365,Lavinia Tananta,0.0,0.03333333333333333,0.75,0.7777777777777778,0,0.8571428571428572,1
216475,Nurin Nabilah Roslan,0.0,0.11764705882352941,0.25,0,0.14285714285714285,0,1
210174,Sarah Mahboob Khan,0.0,0.08771929824561403,0.3870967741935484,0.6363636363636364,0.45454545454545453,1.0,1
210166,Sara Mansoor,0.0,0.03125,0.10526315789473684,0,0.3333333333333333,0,1
215858,Charmaine Shi Yi Seah,0.047058823529411764,0.058823529411764705,0.5581395348837209,0.6666666666666666,0.2857142857142857,0.2941176470588235,1
211234,Deria Nur Haliza,0.0,0.018018018018018018,0.5238095238095238,0.8666666666666667,0.7058823529411765,0.7142857142857143,1
210740,Stefanie Tan,0.0,0.037037037037037035,0.5862068965517241,0,0.7142857142857143,0.6666666666666667,1
212244,Amreetha Muttiah,0.022727272727272728,0.022727272727272728,0.5,0,0.42857142857142855,0.0,1
214617,Nethmi Himashi Waduge,0.0,0.20588235294117646,0.4,0,0.3333333333333333,0.0,1
204362,Theiviya Selvarajoo,0.02,0.02,0.6774193548387096,0.8,0.5,0.5454545454545454,1
210173,Ushna Suhail,0.0,0.14285714285714285,0.3333333333333333,0,0.14285714285714285,0.33333333333333337,1
214616,Medhira Samarasinghe,0.0,0.037037037037037035,0.4473684210526316,0,0.3333333333333333,0.5,1
221813,Ashley Kei Yim,0.0,0.03389830508474576,0.5769230769230769,0.47368421052631576,0.625,0.46153846153846156,1
221812,Yee Loon Goh,0.0,0.1875,0.38461538461538464,1.0,0.5,0.18181818181818177,1
214770,Emilie Francati,0.057692307692307696,0.17307692307692307,0.8181818181818182,0.5,0.8333333333333334,0.6666666666666667,1
215723,Monica Malinen,0.0,0.15555555555555556,0.4482758620689655,0,0.3333333333333333,0.16666666666666663,1
202471,Karen Barbat,0.010582010582010581,0.026455026455026454,0.5588235294117647,0.36363636363636365,0.2916666666666667,0.5,4
211288,Mia Nicole Eklund,0.043478260869565216,0.10869565217391304,0.5238095238095238,0.7,0.2,0,1
220395,Iveta Daujotaite,0.0,0.01818181818181818,0.6428571428571429,0.47058823529411764,0.8571428571428571,0.8333333333333334,1
210439,Ella Leivo,0.0,0.037037037037037035,0.4722222222222222,0,0.16666666666666666,0.1428571428571429,1
215869,Paulina Bakaite,0.008695652173913044,0.09565217391304348,0.6756756756756757,0,0.5454545454545454,0.33333333333333337,1
202619,Ema Burgic,0.0,0.06329113924050633,0.6222222222222222,0.7857142857142857,0.375,0.5384615384615384,1
211814,Julia Grabher,0.007936507936507936,0.07142857142857142,0.5909090909090909,0.5263157894736842,0.47619047619047616,0.4545454545454546,2
211296,Dea Herdzelas,0.0,0.09345794392523364,0.4642857142857143,0.6,0.391304347826087,0.4545454545454546,2
215870,Dona Abo Habaga,0.0,0.2631578947368421,0.47058823529411764,0,0.3,0.5,1
211529,Sandra Samir,0.0,0.07692307692307693,0.5,0.5909090909090909,0.375,0.18181818181818177,2
213974,Lamis Alhussein Abdel Aziz,0.0,0.05172413793103448,0.5151515151515151,0.7,0.6153846153846154,0.0,1
210303,Kathinka Von Deichmann,0.023668639053254437,0.029585798816568046,0.5299145299145299,0.75,0.4,0.7692307692307692,2
215868,Gerda Zykute,0.0,0.02857142857142857,0.18181818181818182,0,0.2222222222222222,0.33333333333333337,1
213878,Milka Emilia Pasanen,0.0,0.16176470588235295,0.5714285714285714,0.5,0.42857142857142855,0.25,1
213544,Jana Fett,0.03231017770597738,0.09531502423263329,0.6262295081967213,0.5204918032786885,0.4782608695652174,0.3246753246753247,9
202596,Mihaela Buzarnescu,0.030177696078431373,0.0507046568627451,0.6306569343065693,0.5428296438883542,0.5617367706919946,0.44402985074626866,92
214149,Viktoria Kuzmova,0.05455537370430987,0.07255864702673213,0.6360917248255235,0.4528301886792453,0.4773662551440329,0.3355704697986577,28
202600,Viktoriya Tomova,0.013179571663920923,0.051070840197693576,0.5561224489795918,0.5112359550561798,0.5340909090909091,0.33333333333333337,8
214452,Caroline Dolehide,0.03943217665615142,0.050473186119873815,0.6326530612244898,0.5314009661835749,0.45901639344262296,0.4,9
214697,Charlotte Robillard Millette,0.057692307692307696,0.11538461538461539,0.7272727272727273,0,0.3333333333333333,0,1
215018,Destanee Aiava,0.027972027972027972,0.07459207459207459,0.6271186440677966,0.5524475524475524,0.625,0.24,6
215370,Bianca Andreescu,0.04053398058252427,0.05412621359223301,0.6677227722772278,0.5850986121256392,0.6117936117936118,0.4606164383561644,59
201529,Kristie Ahn,0.0136986301369863,0.04636459430979979,0.5565217391304348,0.4811320754716981,0.5576923076923077,0.381578947368421,14
214906,Claire Liu,0.013761467889908258,0.034403669724770644,0.4548611111111111,0.5045871559633027,0.4246575342465753,0.4464285714285714,6
214544,Aryna Sabalenka,0.06072210065645514,0.06447327289778056,0.6915030991735537,0.5773244781783681,0.6129032258064516,0.4549045424621462,172
211878,Lizette Cabrera,0.011467889908256881,0.06192660550458716,0.5667870036101083,0.5344827586206896,0.5230769230769231,0.45999999999999996,5
215748,Alyssa Mayo,0.0,0.13157894736842105,0.2777777777777778,0,0.125,0.2857142857142857,1
206354,Lina Qostal,0.02040816326530612,0.1836734693877551,0.5,0.7777777777777778,0.45454545454545453,0.0,1
211148,Jasmine Paolini,0.013673655423883319,0.04102096627164995,0.5283018867924528,0.46647230320699706,0.538860103626943,0.40476190476190477,16
214386,Xinyu Gao,0.015037593984962405,0.03759398496240601,0.4827586206896552,0.6875,0.5,0.7142857142857143,2
211095,Bernarda Pera,0.027777777777777776,0.07901234567901234,0.6112266112266113,0.5431372549019607,0.5217391304347826,0.3846153846153846,21
214096,Karolina Muchova,0.03885003885003885,0.030303030303030304,0.5983112183353438,0.504950495049505,0.5240963855421686,0.3495145631067961,17
215290,Katarina Zavatska,0.01567398119122257,0.05329153605015674,0.5307262569832403,0.48148148148148145,0.48148148148148145,0.4545454545454546,5
205606,Viktoria Kamenskaya,0.0,0.03529411764705882,0.5254237288135594,1.0,0.7,0.4285714285714286,1
210705,Irina Maria Bara,0.0,0.05228758169934641,0.486404833836858,0.45454545454545453,0.4266666666666667,0.39344262295081966,6
214405,Mirjam Bjorklund,0.018779342723004695,0.014084507042253521,0.5255474452554745,0.68,0.6285714285714286,0.40740740740740744,2
203354,Martina Trevisan,0.007936507936507936,0.047619047619047616,0.484593837535014,0.5689655172413793,0.43373493975903615,0.39583333333333337,8
213674,Jade Lewis,0.0,0.013888888888888888,0.49019607843137253,0,0.3333333333333333,0.33333333333333337,1
215096,Jaimee Fourlis,0.004166666666666667,0.05416666666666667,0.5827814569536424,0.5441176470588235,0.6216216216216216,0.3157894736842105,3
205723,Anna Zaja,0.028735632183908046,0.07471264367816093,0.6428571428571429,0.5333333333333333,0.5789473684210527,0.2142857142857143,2
214247,Lena Rueffer,0.08196721311475409,0.06557377049180328,0.5,0.75,0.4444444444444444,0.6666666666666667,1
211843,Anhelina Kalinina,0.019169329073482427,0.04472843450479233,0.5463917525773195,0.4752475247524752,0.47368421052631576,0.28888888888888886,4
203572,Polina Monova,0.0,0.0625,0.5,0.5714285714285714,0.4375,0.5625,2
215337,Olga Danilovic,0.04178272980501393,0.06406685236768803,0.6857142857142857,0.4105960264900662,0.48,0.5172413793103448,6
211316,Jessika Ponchet,0.0728643216080402,0.035175879396984924,0.6792452830188679,0.4090909090909091,0.5471698113207547,0.3529411764705882,6
206216,Olga Saez Larra,0.022857142857142857,0.02857142857142857,0.5851063829787234,0.5294117647058824,0.5,0.4285714285714286,2
203315,Alexa Guarachi,0.015384615384615385,0.03076923076923077,0.6,0,0.5,0.30000000000000004,1
202422,Shuko Aoyama,0.0,0.0891089108910891,0.4084507042253521,0,0.17647058823529413,0.5384615384615384,2
204394,Valentini Grammatikopoulou,0.00558659217877095,0.05307262569832402,0.5789473684210527,0.5869565217391305,0.4782608695652174,0.4444444444444444,4
216016,Xiyu Wang,0.011450381679389313,0.05916030534351145,0.5756676557863502,0.5862068965517241,0.43333333333333335,0.36585365853658536,8
215250,Hanyu Guo,0.013888888888888888,0.027777777777777776,0.5849056603773585,0,0.5714285714285714,1.0,1
214608,Jia Qi Kang,0.0,0.057971014492753624,0.5625,0.8333333333333334,0.46153846153846156,0.5,1
211713,Jaqueline Adina Cristian,0.0823045267489712,0.053497942386831275,0.6838235294117647,0.5256410256410257,0.5185185185185185,0.2857142857142857,3
216062,Meiling Wang,0.0,0.027777777777777776,0.5510204081632653,0.8,0.5555555555555556,0.8333333333333334,1
206294,Yue Yuan,0.017391304347826087,0.06086956521739131,0.5428571428571428,0.782608695652174,0.3684210526315789,0.5,2
216328,Yanin Wisitwarapron,0.0,0.11538461538461539,0.0625,0,0.0,0.0,1
213828,Chompoothip Jandakate,0.0,0.0,0.4864864864864865,0,0.2,0.0,1
211765,Emina Bektas,0.018518518518518517,0.037037037037037035,0.5294117647058824,0,0.16666666666666666,0,1
205892,Giuliana Olmos,0.03278688524590164,0.03278688524590164,0.4888888888888889,0,0.5454545454545454,0,1
201671,Ksenia Lykina,0.023529411764705882,0.052941176470588235,0.6341463414634146,0.92,0.5333333333333333,0.4545454545454546,2
201384,Chia Jung Chuang,0.037037037037037035,0.09259259259259259,0.7037037037037037,0.7142857142857143,0.25,0.5,1
214461,Tamara Zidansek,0.0064754856614246065,0.039777983348751156,0.5359565807327001,0.4797297297297297,0.5246913580246914,0.37777777777777777,14
206144,Xenia Knoll,0.020833333333333332,0.16666666666666666,0.8333333333333334,0.8888888888888888,0.3333333333333333,0.0,1
206106,Prarthana G Thombare,0.0,0.03333333333333333,0.14285714285714285,0,0.0,0,1
215750,Ana Biskic,0.02,0.22,0.5483870967741935,0,0.5,0.5,1
216153,Amanda Anisimova,0.008634222919937205,0.05180533751962323,0.5558282208588957,0.47435897435897434,0.5297029702970297,0.3840579710144928,20
206077,Miharu Imanishi,0.0,0.02,0.55,0,0.3333333333333333,0.6666666666666667,1
215550,Ayano Shimizu,0.0,0.05,0.34782608695652173,0,0.3333333333333333,0.6666666666666667,1
213530,Allie Kiick,0.017777777777777778,0.08444444444444445,0.5753424657534246,0.49056603773584906,0.47368421052631576,0.4444444444444444,4
214684,Katherine Sebov,0.0,0.0273972602739726,0.6444444444444445,0.8666666666666667,0.5555555555555556,0.5,1
211844,Haruka Kaji,0.02040816326530612,0.08163265306122448,0.36363636363636365,0,0.3,0.4444444444444444,1
220582,Taysia Rogers,0.03225806451612903,0.16129032258064516,0.375,0,0.2857142857142857,0.0,1
202919,Chang Liu,0.010869565217391304,0.06521739130434782,0.5517241379310345,0,0.4,0.5454545454545454,1
202921,Shiho Akita,0.015151515151515152,0.07575757575757576,0.7142857142857143,0.5625,0.75,0.6666666666666667,1
206349,Mayo Hibi,0.006134969325153374,0.012269938650306749,0.5,0.6956521739130435,0.47619047619047616,0.25,2
214694,Karman Thandi,0.045,0.075,0.6822429906542056,0.5074626865671642,0.5172413793103449,0.4545454545454546,3
215163,Zeel Desai,0.0,0.06779661016949153,0.46153846153846156,1.0,0.6,0.33333333333333337,1
206102,Ankita Raina,0.009554140127388535,0.028662420382165606,0.5619469026548672,0.5362318840579711,0.5227272727272727,0.375,4
206136,Deniz Khazaniuk,0.017857142857142856,0.0,0.5714285714285714,0,0.4,0.6,1
206105,Rutuja Bhosale,0.0196078431372549,0.058823529411764705,0.3783783783783784,0,0.4,0.6,1
202457,Bibiane Schoofs,0.01775147928994083,0.08579881656804733,0.5116279069767442,0.5949367088607594,0.43137254901960786,0.34782608695652173,5
211107,Katie Boulter,0.046849757673667204,0.045234248788368334,0.5864022662889519,0.4474885844748858,0.5057471264367817,0.3392857142857143,9
215713,Anastasia Potapova,0.03571428571428571,0.06168831168831169,0.5776892430278885,0.46875,0.5454545454545454,0.3146067415730337,13
219434,Brienne Minor,0.016666666666666666,0.18333333333333332,0.5161290322580645,0.0,0.3,0.6,1
214728,Ashley Kratzer,0.02127659574468085,0.09574468085106383,0.4528301886792453,0.2,0.5217391304347826,0.25,2
211328,Deborah Chiesa,0.022099447513812154,0.022099447513812154,0.5666666666666667,0.5,0.52,0.3571428571428571,2
204267,Petra Krejsova,0.05555555555555555,0.018518518518518517,0.813953488372093,0,0.0,0.375,1
214981,Elena Rybakina,0.0609632188579557,0.043487096118675066,0.6912065439672802,0.5678591709256104,0.6014150943396226,0.4568527918781726,69
203584,Adriana Perez,0.08928571428571429,0.07142857142857142,0.6571428571428571,0.7692307692307693,0.5,0.36363636363636365,1
215340,Hortencia Birnbaumer,0.06493506493506493,0.06493506493506493,0.6410256410256411,0.5882352941176471,0.6363636363636364,0.5,1
210138,Noelia Zeballos,0.04316546762589928,0.10071942446043165,0.5274725274725275,0.625,0.5217391304347826,0.4444444444444444,2
202900,Maria Fernanda Alvarez Teran,0.05172413793103448,0.13793103448275862,0.7931034482758621,0.8888888888888888,0.5,0.0,1
206387,Aymet Uzcategui,0.0,0.13157894736842105,0.5434782608695652,1.0,0.3333333333333333,0.4285714285714286,1
206344,Fernanda Brito,0.017241379310344827,0.08620689655172414,0.5357142857142857,0.7,0.6153846153846154,0.0,1
215785,Maria Camila Osorio Serrano,0.0,0.07407407407407407,0.48484848484848486,1.0,0.6153846153846154,0.1428571428571429,1
211903,Barbara Gatica,0.012048192771084338,0.04819277108433735,0.5714285714285714,0.9166666666666666,0.5714285714285714,0.4285714285714286,1
206410,Guadalupe Perez Rojas,0.018867924528301886,0.03773584905660377,0.4827586206896552,0.8888888888888888,0.6,0.33333333333333337,1
205789,Na Ri Kim,0.0,0.07017543859649122,0.6341463414634146,0,0.0,0.625,1
204288,Ji Hee Choi,0.023809523809523808,0.023809523809523808,0.4444444444444444,1.0,0.3333333333333333,0,1
202493,Ekaterine Gorgodze,0.0,0.02877697841726619,0.5222222222222223,0.6285714285714286,0.6071428571428571,0.5384615384615384,2
203456,Jelena Simic,0.017543859649122806,0.08771929824561403,0.5151515151515151,0,0.5,0.25,1
203509,Diana Marcinkevica,0.05217391304347826,0.0782608695652174,0.5689655172413793,0.575,0.4,0.375,3
213721,Ines Murta,0.012658227848101266,0.0379746835443038,0.45098039215686275,0.631578947368421,0.5294117647058824,0.25,2
216118,Maria Lota Kaul,0.013888888888888888,0.09722222222222222,0.625,0.75,0.4,0.4444444444444444,1
214176,Valeria Gorlats,0.02197802197802198,0.054945054945054944,0.6041666666666666,0.6428571428571429,0.625,0.2857142857142857,1
214465,Maya Tahan,0.0,0.0,0.25,0,0.16666666666666666,0.0,1
216119,Maileen Nuudi,0.01694915254237288,0.06779661016949153,0.5357142857142857,0.6666666666666666,0.375,0.09090909090909094,1
204384,Agnes Bukta,0.019230769230769232,0.057692307692307696,0.6486486486486487,0.9,0.75,0.625,1
215144,Daniela Vismane,0.0,0.034482758620689655,0.5277777777777778,0.8888888888888888,0.375,0.25,1
211002,Yusleydis Smith Dias,0.027777777777777776,0.041666666666666664,0.625,0,0.5,0.5833333333333333,1
221814,Luisa Uscocovich,0.0,0.10714285714285714,0.5454545454545454,0,0.4166666666666667,0.5,1
214713,Camila Romero,0.0,0.0625,1.0,1.0,0,0.6666666666666667,1
221815,Isid Hernandez,0.0,0.1590909090909091,0.45454545454545453,0,0.3333333333333333,0,1
215787,Florencia Rossi,0.0,0.038461538461538464,0.5818181818181818,1.0,0.42857142857142855,0.6666666666666667,1
214841,Mikaela Molina Bugarija,0.03125,0.078125,0.4666666666666667,0.7692307692307693,0.3333333333333333,0.5714285714285714,1
221807,Fernanda Secinaro,0.018518518518518517,0.037037037037037035,0.34210526315789475,0,0.0,1.0,1
221816,Guillermina Grant,0.01098901098901099,0.04395604395604396,0.4426229508196721,0,0.5263157894736842,0.5,1
219310,Kelly Williford,0.0,0.0,0.75,0.7,0.6666666666666666,0.4,1
221817,Kayla Frost,0.0,0.3148148148148148,0.6086956521739131,1.0,0.6,0.33333333333333337,1
212282,Michelle Marie Valdez,0.038461538461538464,0.057692307692307696,0.6842105263157895,1.0,0.6666666666666666,0.5,1
216487,Cherise Slocombe,0.023255813953488372,0.06976744186046512,0.48148148148148145,0,0.5,0.33333333333333337,1
205462,Melisa Morales,0.044444444444444446,0.08888888888888889,0.8076923076923077,0.6363636363636364,1.0,0.5555555555555556,1
208531,Kirsten Andrea Weedon,0.022222222222222223,0.044444444444444446,0.7037037037037037,0.6,1.0,0.6,1
214637,Kiana Marshall,0.0,0.1111111111111111,0.38461538461538464,0,0.4,0.0,1
211246,Daniela Schippers,0.01694915254237288,0.05084745762711865,0.5714285714285714,0.5,0.9166666666666666,0.75,1
212308,Karla Portalatin,0.043478260869565216,0.13043478260869565,0.5454545454545454,0.875,0.25,0.08333333333333337,1
212281,Monica Matias,0.011494252873563218,0.06896551724137931,0.574468085106383,0.6842105263157895,0.4,0.4545454545454546,1
221232,Natalie Gabriela Espinal Sanchez,0.0,0.03409090909090909,0.5692307692307692,0,0.5454545454545454,0.6,1
215788,Alejandra Obando,0.029411764705882353,0.11764705882352941,0.3333333333333333,0,0.14285714285714285,0,1
212272,Breana Stampfli,0.0,0.07547169811320754,0.3939393939393939,0,0.1111111111111111,0.5,1
212165,Anneliese Rose,0.0,0.0967741935483871,0.23809523809523808,0,0.25,0,1
215165,Daniela Obando,0.0,0.03409090909090909,0.5405405405405406,0,0.5384615384615384,0.5833333333333333,1
212260,Rosaline Zafir Chavez Tello,0.0,0.20987654320987653,0.6,0,0.2727272727272727,0.6666666666666667,1
221818,Sydney Clarke,0.0,0.05,0.45901639344262296,0,0.3333333333333333,0.7272727272727273,1
214613,Iesha Shepherd,0.029411764705882353,0.029411764705882353,0.8,0.4375,0,0.7142857142857143,1
221819,Karen Esther Contreras,0.029411764705882353,0.17647058823529413,0.35294117647058826,0,0.2857142857142857,0,1
214641,Ariana Rahmanparast,0.0,0.07936507936507936,0.631578947368421,0.5833333333333334,0.9,0.75,1
221805,Eugenia Camacho,0.0,0.1,0.603448275862069,0,0.3333333333333333,0.6363636363636364,1
221820,Aranza Lailu Benitez Ellis,0.0,0.2,0.42857142857142855,0,0.2857142857142857,0,1
201683,Bianca Botto,0.1282051282051282,0.07692307692307693,0.7619047619047619,0.5454545454545454,1.0,0.5454545454545454,1
210947,Ferny Angeles Paz,0.06060606060606061,0.0,0.782608695652174,0.75,1.0,0.75,1
215784,Anastasia Iamachkine,0.011764705882352941,0.12941176470588237,0.6111111111111112,0.8571428571428571,0.5,0.41666666666666663,1
215375,Dominique Schaefer,0.11627906976744186,0.023255813953488372,0.8095238095238095,0.6153846153846154,0.0,0.8333333333333334,1
212233,Shenelle Mohammed,0.0,0.1388888888888889,0.4090909090909091,0,0.16666666666666666,0.0,1
220834,Tania Lea Aizenman Sanchez,0.03773584905660377,0.07547169811320754,0.5294117647058824,1.0,0.375,0.0,1
212805,Paige Mary Hourigan,0.0,0.06153846153846154,0.5789473684210527,0.36363636363636365,0.375,0.5454545454545454,2
212314,Jahana Bayramova,0.0,0.17142857142857143,0.21428571428571427,0,0.45454545454545453,0,1
203562,Erin Routliffe,0.12121212121212122,0.09090909090909091,0.8,0.7777777777777778,0,0.6666666666666667,1
216471,Guljan Muhammetkuliyeva,0.0,0.36363636363636365,0.25,0,0.3333333333333333,0,1
211269,Eudice Wong Chong,0.10526315789473684,0.05263157894736842,0.8571428571428571,0.7777777777777778,0.6666666666666666,0.75,1
214632,Ghazal Pakbaten,0.0,0.03125,0.15,0,0.25,1.0,1
215277,Yasmin Mansouri,0.017241379310344827,0.29310344827586204,0.56,0,0.36363636363636365,0.5714285714285714,1
212318,Aslina Chua,0.024691358024691357,0.08641975308641975,0.6666666666666666,0.9230769230769231,0.2,0.4545454545454546,1
221106,Lynelle En Tong Lim,0.0,0.14285714285714285,0.625,0.8,0.5,0.15384615384615385,1
221824,Y kit Nicole Tan,0.0,0.18055555555555555,0.4,0.47058823529411764,0.625,0.6666666666666667,1
221823,Mahin Qureshi,0.0,0.02727272727272727,0.5084745762711864,0.6086956521739131,0.5555555555555556,0.4545454545454546,1
221826,Myrzaiym Sherikulova,0.024390243902439025,0.21951219512195122,0.47368421052631576,0,0.25,0.33333333333333337,1
210738,Aldila Sutjiadi,0.00847457627118644,0.059322033898305086,0.5,0.5405405405405406,0.5,0.9090909090909091,2
212294,Thisuri Molligoda,0.017241379310344827,0.08620689655172414,0.48148148148148145,0.8,0.125,0.33333333333333337,1
219422,Takhmina Burkhanova,0.0,0.11538461538461539,0.4666666666666667,0,0.3,1.0,1
221828,Anastasiya Tursunova,0.0,0.2222222222222222,0.5625,0,0.46153846153846156,0.2857142857142857,1
221827,Aigerim Akzhol Kyzy,0.0,0.2682926829268293,0.5,0,0.2222222222222222,0.2857142857142857,1
212293,Roshenka Fernando,0.0,0.3055555555555556,0.47058823529411764,0,0.4444444444444444,0.0,1
221803,Carol Young Suh Lee,0.03773584905660377,0.07547169811320754,0.75,0.6666666666666666,0.6,0.5,1
214934,Astrid Wanja Brune Olsen,0.01904761904761905,0.047619047619047616,0.5555555555555556,0.8,0.4,0.33333333333333337,1
215219,Kaja Juvan,0.041666666666666664,0.03787878787878788,0.5449438202247191,0.6229508196721312,0.6170212765957447,0.631578947368421,3
205918,Ulrikke Eikeri,0.0,0.0,0.3870967741935484,0,0.14285714285714285,0.4,1
214935,Malene Helgo,0.10810810810810811,0.02702702702702703,0.8421052631578947,0.5384615384615384,1.0,0.5,1
210629,Ilze Hattingh,0.05357142857142857,0.07142857142857142,0.42424242424242425,0.7777777777777778,0.5,0.0,1
202581,Chanel Simmonds,0.02040816326530612,0.02040816326530612,0.5,0,0.2857142857142857,0.5,1
206086,Mai El Kamash,0.0196078431372549,0.0392156862745098,0.6,0.8,0.3333333333333333,0.16666666666666663,1
206177,Joana Eidukonyte,0.018867924528301886,0.1320754716981132,0.5625,0,0.5,0.75,1
215016,Eleonora Molinaro,0.02531645569620253,0.05063291139240506,0.6721311475409836,0,0.5714285714285714,0.5,1
205909,Ola Abou Zekry,0.03508771929824561,0.07017543859649122,0.5405405405405406,0,0.2857142857142857,0.5,1
201380,Claudine Schaul,0.0,0.07352941176470588,0.5263157894736842,1.0,0.5833333333333334,0.4285714285714286,1
202662,Camilla Rosatello,0.0,0.06451612903225806,0.4939759036144578,0.5365853658536586,0.6666666666666666,0.2777777777777778,2
201606,Rebecca Marino,0.058823529411764705,0.03361344537815126,0.639344262295082,0.5111111111111111,0.6666666666666666,0.7142857142857143,2
202916,Georgina Garcia Perez,0.07488986784140969,0.01762114537444934,0.712,0.4939759036144578,0.4444444444444444,0.4117647058823529,4
220367,Leylah Annie Fernandez,0.03560830860534125,0.06231454005934718,0.6217616580310881,0.5,0.5128205128205128,0.31034482758620685,5
215371,Francesca Di Lorenzo,0.009389671361502348,0.03286384976525822,0.48091603053435117,0.5873015873015873,0.48717948717948717,0.2666666666666667,4
216146,Marta Kostyuk,0.0583596214511041,0.08517350157728706,0.6228070175438597,0.5263157894736842,0.5316455696202531,0.3421052631578947,8
211407,Dejana Radanovic,0.0,0.08333333333333333,0.5217391304347826,0.37254901960784315,0.36,0.33333333333333337,3
215696,Diae El Jardi,0.02040816326530612,0.14285714285714285,0.42857142857142855,0,0.2222222222222222,0.4285714285714286,1
216133,Xin Yu Wang,0.03089887640449438,0.09550561797752809,0.6102564102564103,0.584070796460177,0.4888888888888889,0.36111111111111116,5
216213,Sohyun Park,0.0,0.08333333333333333,0.34782608695652173,0.875,0.125,0.6666666666666667,1
213998,Ipek Oz,0.010101010101010102,0.030303030303030304,0.5645161290322581,0.8666666666666667,0.6470588235294118,0.19999999999999996,1
215314,En Shuo Liang,0.034482758620689655,0.05172413793103448,0.4838709677419355,0.4358974358974359,0.4666666666666667,0.6153846153846154,2
215468,Momoko Kobori,0.0,0.023529411764705882,0.53125,0.9,0.6,0.5,1
214480,Miriam Bianca Bulgaru,0.0,0.12698412698412698,0.6,0.6666666666666666,0.5,0.5,1
213780,Andreea Amalia Rosca,0.0,0.10465116279069768,0.5161290322580645,0,0.2222222222222222,0.75,1
213602,Gabriella Taylor,0.014778325123152709,0.09359605911330049,0.6046511627906976,0.9285714285714286,0.5666666666666667,0.5,2
202443,Valeria Savinykh,0.0,0.02127659574468085,0.4375,0,0.5454545454545454,0.5,1
215259,Leonie Kung,0.09615384615384616,0.09615384615384616,0.5806451612903226,0,0.5555555555555556,0.33333333333333337,1
215910,Panna Udvardy,0.07407407407407407,0.12962962962962962,0.7037037037037037,0.8181818181818182,0.42857142857142855,1.0,1
206390,Isabelle Wallace,0.0,0.1,0.4666666666666667,0,0.5384615384615384,0,1
215992,Whitney Osuigwe,0.007067137809187279,0.05653710247349823,0.5602094240837696,0.609375,0.4444444444444444,0.33333333333333337,4
211552,Harmony Tan,0.01935483870967742,0.025806451612903226,0.46835443037974683,0.41818181818181815,0.4,0.3157894736842105,3
205848,Nathaly Kurata,0.0,0.06896551724137931,0.5641025641025641,0,0.4,0.16666666666666663,1
214058,Juliana Valero,0.0,0.09259259259259259,0.4444444444444444,0,0.2222222222222222,0.5,1
206343,Stephanie Mariel Petit,0.047619047619047616,0.015873015873015872,0.7346938775510204,0,0.5,1.0,1
214679,Sunam Jeong,0.0,0.02040816326530612,0.4,0,0.45454545454545453,0.19999999999999996,1
211756,Patcharin Cheapchandej,0.012048192771084338,0.0963855421686747,0.5869565217391305,0,0.4,0.4444444444444444,1
216055,Francisca Jorge,0.014925373134328358,0.014925373134328358,0.5106382978723404,0.6428571428571429,0.5714285714285714,0.6666666666666667,1
220043,Katriin Saar,0.01818181818181818,0.05454545454545454,0.5,1.0,0.3333333333333333,0.4285714285714286,1
201646,Maria Joao Koehler,0.0,0.07317073170731707,0.44,0,0.14285714285714285,0,1
214521,Lea Boskovic,0.0,0.017543859649122806,0.5063291139240507,0.7,0.6875,0.4444444444444444,1
211967,Nina Potocnik,0.018518518518518517,0.037037037037037035,0.7027027027027027,0.6428571428571429,1.0,0.33333333333333337,1
214388,Anna Bondar,0.09813084112149532,0.03271028037383177,0.6837606837606838,0.5454545454545454,0.6296296296296297,0.1333333333333333,3
211541,Jacqueline Cabaj Awad,0.0,0.0784313725490196,0.5769230769230769,0,0.2857142857142857,0.25,1
204390,Pia Konig,0.0,0.0,0.5,0,0.5,0.19999999999999996,1
201659,Melanie Klaffner,0.014705882352941176,0.014705882352941176,0.6170212765957447,0,0.3333333333333333,1.0,1
216347,Iga Swiatek,0.050537206526064464,0.04019100676482292,0.6688172043010753,0.5749506903353058,0.59375,0.46467391304347827,40
214006,Petia Arshinkova,0.03389830508474576,0.03389830508474576,0.47368421052631576,0,0.5,0.33333333333333337,1
216117,Saara Orav,0.02247191011235955,0.06741573033707865,0.55,0,0.46153846153846156,0.6153846153846154,1
221831,Gabrielle Leslie,0.0,0.08333333333333333,0.55,0.4838709677419355,0.6470588235294118,0.4545454545454546,1
221809,Laura Lissette Quezada Martinez,0.0,0.042105263157894736,0.6231884057971014,0,0.5454545454545454,0.3529411764705882,1
205787,Francesca Segarelli,0.0392156862745098,0.17647058823529413,0.8181818181818182,0.6428571428571429,0.0,0.6,1
221832,Hannah Chambers,0.017543859649122806,0.12280701754385964,0.4583333333333333,0.5714285714285714,0.4,1.0,1
215019,Maria Jose Portillo Ramirez,0.10810810810810811,0.16216216216216217,0.95,0.75,1.0,0.6666666666666667,1
221833,Tangia Riley Codrington,0.0,0.23529411764705882,0.14285714285714285,0,0.3333333333333333,0.0,1
214782,Fernanda Contreras Gomez,0.0625,0.10416666666666667,0.7777777777777778,0.7272727272727273,0.6666666666666666,0.8333333333333334,1
221783,Isabella Tiscornia,0.0,0.034482758620689655,0.4444444444444444,0,0.4166666666666667,0.30000000000000004,1
221834,Dana Guzman,0.022222222222222223,0.0,0.6764705882352942,0,0.75,0.5454545454545454,1
221835,Yoryana Delgado Herrera,0.0,0.2222222222222222,0.4166666666666667,0,0.45454545454545453,0.25,1
221837,Sofia Perez,0.0,0.09375,0.47619047619047616,0,0.36363636363636365,0.5714285714285714,1
211122,Charlotte Roemer,0.021739130434782608,0.043478260869565216,0.6923076923076923,0.6153846153846154,0.6666666666666666,0.5555555555555556,1
221838,Danielle Andrea Thompson,0.023255813953488372,0.13953488372093023,0.8695652173913043,0.7777777777777778,0.6666666666666666,0.8571428571428572,1
221839,Shelby Madeiros,0.0,0.1935483870967742,0.6666666666666666,0,0.14285714285714285,0.33333333333333337,1
210920,Kerrie Cartwright,0.030303030303030304,0.030303030303030304,0.8260869565217391,1.0,1.0,0.5454545454545454,1
212178,Ashley Brooks,0.0,0.16216216216216217,0.4,0,0.45454545454545453,0.0,1
215672,Daniela Alejandra La Fuente Strassburger,0.0,0.05660377358490566,0.5862068965517241,0.8888888888888888,0.5,0.25,1
212232,Carlista Mohammed,0.0,0.0945945945945946,0.5454545454545454,0,0.5384615384615384,0.4444444444444444,1
206091,Yolande Leacock,0.029411764705882353,0.058823529411764705,0.59375,0.6,0.5555555555555556,0.23076923076923073,1
204355,Katherine Westbury,0.1,0.06666666666666667,0.8888888888888888,0.6666666666666666,0,0.6666666666666667,1
217751,Nancy Karaky,0.0,0.05263157894736842,0.2631578947368421,1.0,0.3333333333333333,0,1
215851,Hoda Habib,0.0,0.06382978723404255,0.3333333333333333,0.8571428571428571,0.3333333333333333,0,1
215950,Yasmina Karimjanova,0.025,0.0,0.7307692307692307,0.6363636363636364,1.0,0.5555555555555556,1
210951,Marian Jade Capadocia,0.0,0.06349206349206349,0.6904761904761905,1.0,0.75,0.5,1
215125,Saara Kunakunova,0.0,0.10638297872340426,0.43478260869565216,1.0,0.5,0.25,1
201652,Ksenia Palkina,0.07777777777777778,0.05555555555555555,0.65625,0,0.3333333333333333,0.5,1
221844,Shahrzad Banisaeid,0.0,0.13725490196078433,0.47058823529411764,0.5714285714285714,0.4444444444444444,1.0,1
220339,Suhana Sofia Mohd Adam Das,0.0392156862745098,0.13725490196078433,0.8695652173913043,0.6153846153846154,0.875,0.75,1
221845,Kimia Rahmani,0.0,0.10416666666666667,0.391304347826087,0.875,0.25,0.125,1
212278,Sarah Al Balushi,0.0,0.05660377358490566,0.4444444444444444,0,0.45454545454545453,0.33333333333333337,1
221847,Kimiya Asbaghipour,0.0,0.12903225806451613,0.42105263157894735,0,0.0,0,1
221846,Sara Azaddoost,0.0,0.125,0.46153846153846156,0,0.14285714285714285,0,1
221848,Maryam Al Balushi,0.0,0.058823529411764705,0.22727272727272727,0,0.0,0,1
221850,Maya Bseisu,0.0,0.11363636363636363,0.391304347826087,0,0.6,0.5,1
208567,Safa Safar,0.0,0.4444444444444444,0.16666666666666666,0,0.14285714285714285,0,1
221852,Anika Seneviratne,0.0,0.15217391304347827,0.5238095238095238,0,0.45454545454545453,0.16666666666666663,1
221854,Savini Jayasuriya,0.0,0.03333333333333333,0.6666666666666666,0.375,0,0.8571428571428572,1
221849,Aisha Al Suleimani,0.0,0.2,0.38461538461538464,0,0.375,0.0,1
221855,Yara Fayssal,0.015625,0.109375,0.3684210526315789,1.0,0.4666666666666667,0.5714285714285714,1
220704,Clara Tauson,0.016129032258064516,0.04838709677419355,0.6781609195402298,0.7037037037037037,0.6470588235294118,0.5333333333333333,2
215196,Nicole Nadel,0.015384615384615385,0.09230769230769231,0.5581395348837209,0,0.5714285714285714,0.33333333333333337,1
202387,Vlada Ekshibarova,0.010309278350515464,0.041237113402061855,0.5344827586206896,1.0,0.5625,0.5714285714285714,1
215131,Nefisa Berberovic,0.031746031746031744,0.047619047619047616,0.5609756097560976,1.0,0.5,0.6,1
211901,Aliona Bolsova,0.049586776859504134,0.06611570247933884,0.6075949367088608,0.6956521739130435,0.6190476190476191,0.4,2
220465,Katie Volynets,0.023809523809523808,0.01984126984126984,0.5963855421686747,0.47619047619047616,0.5172413793103449,0.375,3
221103,Cori Gauff,0.041237113402061855,0.09278350515463918,0.6195121951219512,0.5392670157068062,0.43956043956043955,0.4901960784313726,10
216083,Caty Mcnally,0.03038674033149171,0.09116022099447514,0.583710407239819,0.5824175824175825,0.4523809523809524,0.35,5
213889,Greetje Minnen,0.027522935779816515,0.031192660550458717,0.6018518518518519,0.5425531914893617,0.6075949367088608,0.4666666666666667,8
211941,Zoe Hives,0.03463203463203463,0.025974025974025976,0.6044776119402985,0.5147058823529411,0.5294117647058824,0.6,3
214643,Ludmilla Samsonova,0.057007125890736345,0.0688836104513064,0.6808510638297872,0.5,0.5686274509803921,0.29032258064516125,6
203514,Katarzyna Kawa,0.004048582995951417,0.05668016194331984,0.6163522012578616,0.49206349206349204,0.53125,0.6111111111111112,3
206292,Astra Sharma,0.056179775280898875,0.06741573033707865,0.59375,0.49411764705882355,0.3939393939393939,0.375,5
211260,Marie Benoit,0.03278688524590164,0.03278688524590164,0.4666666666666667,0,0.5833333333333334,0.33333333333333337,1
202579,Giulia Gatto Monticone,0.007874015748031496,0.051181102362204724,0.5433526011560693,0.46875,0.5476190476190477,0.4285714285714286,4
220714,Elisabetta Cocciaretto,0.022900763358778626,0.04580152671755725,0.5828571428571429,0.4915254237288136,0.5384615384615384,0.44999999999999996,3
213620,Jessica Pieri,0.0,0.0,0.5106382978723404,0,0.5,0.33333333333333337,1
215613,Emma Navarro,0.004761904761904762,0.0380952380952381,0.5491803278688525,0.559322033898305,0.6829268292682927,0.34782608695652173,2
201664,Pemra Ozgen,0.026490066225165563,0.033112582781456956,0.5333333333333333,0.5476190476190477,0.5454545454545454,0.6,2
201086,Greta Arn,0.08024691358024691,0.05555555555555555,0.6559139784946236,0.65,0.625,0.5,2
202539,Alison Bai,0.0,0.03508771929824561,0.6666666666666666,0.8181818181818182,0.5,1.0,1
215898,Jule Niemeier,0.06818181818181818,0.13636363636363635,0.64,0,0.2857142857142857,0.19999999999999996,1
202578,Laura Ioana Andrei,0.0196078431372549,0.11764705882352941,0.7272727272727273,1.0,0.6,0.8571428571428572,1
216262,Clara Burel,0.027210884353741496,0.061224489795918366,0.5189873417721519,0.6829268292682927,0.52,0.4545454545454546,2
215812,Shuyue Ma,0.061224489795918366,0.061224489795918366,0.5416666666666666,0.8888888888888888,0.3333333333333333,0.4,1
206363,Anna Danilina,0.07777777777777778,0.03333333333333333,0.7962962962962963,0.8235294117647058,0.75,0.2222222222222222,1
203325,Martina Di Giuseppe,0.03546099290780142,0.05673758865248227,0.6875,0.5675675675675675,0.5294117647058824,0.4285714285714286,2
211887,Maia Lumsden,0.0948905109489051,0.0948905109489051,0.6962025316455697,0.5333333333333333,0.6111111111111112,0.4,2
206362,Naiktha Bains,0.09302325581395349,0.20930232558139536,0.6,0.875,0.42857142857142855,0,1
220430,Mihaela Djakovic,0.04,0.1,0.4482758620689655,1.0,0.375,0.33333333333333337,1
219875,Varvara Gracheva,0.026246719160104987,0.03412073490813648,0.5431034482758621,0.453781512605042,0.3695652173913043,0.4565217391304348,5
213837,Ylena In Albon,0.037383177570093455,0.056074766355140186,0.6619718309859155,0.7894736842105263,0.7692307692307693,0.2222222222222222,1
206175,Tess Sugnaux,0.08064516129032258,0.03225806451612903,0.6875,0.8181818181818182,0.42857142857142855,0.19999999999999996,1
215899,Simona Waltert,0.043478260869565216,0.043478260869565216,0.72,0.875,0.375,0.5454545454545454,1
214849,Maegan Manasse,0.0392156862745098,0.058823529411764705,0.6296296296296297,1.0,0.5454545454545454,0.33333333333333337,1
203513,Robin Anderson,0.021739130434782608,0.043478260869565216,0.3333333333333333,1.0,0.45454545454545453,1.0,1
215840,Haley Giavara,0.0,0.1095890410958904,0.6363636363636364,1.0,0.42857142857142855,0.25,1
213673,Ellie Halbauer,0.017543859649122806,0.017543859649122806,0.5647058823529412,0,0.6666666666666666,0.3846153846153846,1
211390,Mari Osaka,0.029411764705882353,0.17647058823529413,0.35,0,0.25,0.0,1
213949,Hanna Chang,0.039603960396039604,0.039603960396039604,0.6944444444444444,0,0.5714285714285714,0.4285714285714286,1
201530,Gail Brodsky,0.011764705882352941,0.07058823529411765,0.6122448979591837,0,0.4166666666666667,1.0,1
215872,Kamilla Rakhimova,0.007194244604316547,0.05755395683453238,0.5333333333333333,0.6,0.5263157894736842,0.36363636363636365,2
221911,Selena Janicijevic,0.0,0.0,0.44,0,0.3333333333333333,0.2857142857142857,1
220348,Diane Parry,0.041666666666666664,0.041666666666666664,0.6162790697674418,0.5581395348837209,0.8148148148148148,0.5,2
211019,Audrey Albie,0.02127659574468085,0.06382978723404255,0.4074074074074074,0.8888888888888888,0.0,0.33333333333333337,1
213734,Mariam Bolkvadze,0.009478672985781991,0.08530805687203792,0.6124031007751938,0.64,0.5384615384615384,0.31034482758620685,3
221024,Hailey Baptiste,0.03879310344827586,0.05603448275862069,0.6307692307692307,0.5324675324675324,0.5384615384615384,0.3214285714285714,3
221242,Mell Elizabeth Reasco Gonzalez,0.0,0.05263157894736842,0.5606060606060606,0,0.45454545454545453,0.2666666666666667,1
206345,Victoria Bosio,0.09352517985611511,0.03597122302158273,0.7936507936507936,0.5142857142857142,0.7692307692307693,0.4444444444444444,1
221799,Lauren Anzalotta Kynoch,0.01639344262295082,0.06557377049180328,0.53125,0.6666666666666666,0.6153846153846154,0.5,1
221800,Maria Cecilia Aguiar,0.0,0.05,0.40625,0.7777777777777778,0.5333333333333333,0.5,1
221801,Erika Barquero,0.0,0.1956521739130435,0.2777777777777778,0.5454545454545454,0.4,0,1
201682,Nudnida Luangnam,0.0,0.05194805194805195,0.6444444444444445,0.7222222222222222,0.5,0.5454545454545454,1
216566,Mananchaya Sawangkaew,0.0,0.01694915254237288,0.45454545454545453,0.8888888888888888,0.45454545454545453,0.6666666666666667,1
221802,Violet Apisah,0.017241379310344827,0.06896551724137931,0.7142857142857143,0,0.3333333333333333,0.25,1
215755,Mahak Jain,0.0,0.0410958904109589,0.5769230769230769,1.0,0.5,0.25,1
216116,Elena Malygina,0.0,0.06666666666666667,0.5588235294117647,0.7272727272727273,0.0,0.0,1
221804,Hannah Viller Moller,0.013888888888888888,0.013888888888888888,0.5319148936170213,0.9230769230769231,0.0,0.33333333333333337,1
202604,Despina Papamichail,0.012903225806451613,0.025806451612903226,0.5053763440860215,0.5869565217391305,0.5185185185185185,0.4193548387096774,2
214507,Berfu Cengiz,0.0,0.1111111111111111,0.7073170731707317,0.42105263157894735,0.16666666666666666,0.25,2
215909,Adrienn Nagy,0.0380952380952381,0.0380952380952381,0.5555555555555556,0.6521739130434783,0.6428571428571429,0.5,1
210271,Anita Husaric,0.0,0.06666666666666667,0.5526315789473685,0,0.3333333333333333,0.25,1
214032,Chiraz Bechri,0.0,0.07142857142857142,0.4411764705882353,0.9,0.375,0.33333333333333337,1
221383,Darya Shvartsmann,0.0,0.09803921568627451,0.4230769230769231,0.7777777777777778,0.3333333333333333,0.19999999999999996,1
215151,Lina Glushko,0.0,0.025,0.84375,0,0.6666666666666666,0.8571428571428572,1
220361,Maria Ines Fonte,0.0,0.0392156862745098,0.43333333333333335,0.875,0.14285714285714285,0.33333333333333337,1
202647,Madrie Le Roux,0.009345794392523364,0.028037383177570093,0.5866666666666667,0.8823529411764706,0.5,0.33333333333333337,1
210913,Ana Filipa Santos,0.0,0.10638297872340426,0.7272727272727273,0,0.4444444444444444,0.0,1
211133,Theresa Alison Van Zyl,0.0,0.09090909090909091,0.4482758620689655,0,0.4166666666666667,1.0,1
214501,Zani Barnard,0.0,0.05263157894736842,0.5,0,0.5,0.5,1
215983,Ann Li,0.01775147928994083,0.01775147928994083,0.528,0.7,0.4444444444444444,0.23809523809523814,3
221173,Valentina Ivanov,0.0,0.024096385542168676,0.603448275862069,0,0.7142857142857143,0.19999999999999996,1
210337,Natalija Kostic,0.014492753623188406,0.07246376811594203,0.6774193548387096,0.8181818181818182,0.5,0.6666666666666667,1
214540,Chihiro Muramatsu,0.0,0.020833333333333332,0.5588235294117647,0,0.4,0.3846153846153846,1
200079,Kim Clijsters,0.075,0.0875,0.6213592233009708,0.6216216216216216,0.6956521739130435,0.4,2
211856,Anastasiya Komardina,0.011627906976744186,0.023255813953488372,0.5471698113207547,0.5333333333333333,0.7647058823529411,0.0,1
210886,Mayar Sherif,0.02127659574468085,0.026595744680851064,0.5866666666666667,0.8260869565217391,0.5769230769230769,0.36363636363636365,2
222258,Linda Fruhvirtova,0.0375,0.025,0.6341463414634146,0.5882352941176471,0.7647058823529411,0.11111111111111116,1
221905,Robin Montgomery,0.044444444444444446,0.08888888888888889,0.43333333333333335,0,0.14285714285714285,0.4,1
221512,Katrina Scott,0.07692307692307693,0.038461538461538464,0.6744186046511628,0.5555555555555556,0.75,0.5,1
221039,Elsa Jacquemot,0.021739130434782608,0.021739130434782608,0.4166666666666667,0.7777777777777778,0.5454545454545454,1.0,1
211574,Mary Victoria Cancini,0.0,0.027777777777777776,0.4782608695652174,0,0.16666666666666666,0.0,1
216150,Lara Escauriza,0.0,0.16071428571428573,0.5714285714285714,0,0.36363636363636365,1.0,1
221332,Daianne Hayashida,0.0,0.10666666666666667,0.5,0.6923076923076923,0.4166666666666667,0.33333333333333337,1
222305,Romina Ccuno,0.0,0.13953488372093023,0.47619047619047616,0,0.2222222222222222,0.6666666666666667,1
221836,Camila Soares,0.02040816326530612,0.08163265306122448,0.5,0,0.5,0.0,1
222145,Janice Tjen,0.03773584905660377,0.1320754716981132,0.40625,0.875,0.375,0,1
222390,Ya Yi Yang,0.0,0.05263157894736842,0.34615384615384615,0,0.3333333333333333,1.0,1
221187,Priska Madelyn Nugroho,0.0,0.011904761904761904,0.5283018867924528,0.6666666666666666,0.6,0.2857142857142857,1
221102,Setora Normurodova,0.0,0.11904761904761904,0.42857142857142855,0,0.3333333333333333,0.25,1
221257,Sinja Kraus,0.0,0.030303030303030304,0.6842105263157895,0.9090909090909091,0.3333333333333333,0.6666666666666667,1
222137,Dimitra Pavlou,0.0,0.16326530612244897,0.4666666666666667,0,0.45454545454545453,0.5,1
223129,Michaela Laki,0.0,0.0967741935483871,0.5263157894736842,0.8888888888888888,0.375,0.5,1
212903,Laura Correia,0.046511627906976744,0.06976744186046512,0.6296296296296297,0,0.5,0.0,1
202879,Tiffany Cornelius,0.01818181818181818,0.12727272727272726,0.5384615384615384,0.6666666666666666,0.16666666666666666,0.19999999999999996,1
220713,Nika Radisic,0.0,0.05084745762711865,0.4772727272727273,0,0.5,0.0,1
223130,Bolor Enkhbayar,0.0,0.05405405405405406,0.3333333333333333,0,0.25,0,1
204356,Emily Fanning,0.0,0.06382978723404255,0.6896551724137931,0.5384615384615384,1.0,1.0,1
223131,Erdenesuren Erdenebat,0.0,0.02857142857142857,0.3684210526315789,0,0.0,0.0,1
223132,Jargal Altansarnai,0.0,0.07272727272727272,0.5277777777777778,0,0.4,0.125,1
221105,Hx Izabella Tan,0.0,0.10344827586206896,0.7058823529411765,0.8333333333333334,0.4,0.8571428571428572,1
221126,Tammy Tan,0.0,0.12244897959183673,0.375,0,0.125,0.375,1
215091,Sarah Pang,0.0,0.05,0.41379310344827586,0,0.16666666666666666,0.0,1
223133,Katrina Lai,0.0,0.03278688524590164,0.4878048780487805,0,0.4,0.25,1
223134,Nadine Del Carmen,0.0,0.06557377049180328,0.5428571428571428,0.8888888888888888,0.6153846153846154,0.1428571428571429,1
223135,Shaira Hope Rivera,0.12903225806451613,0.03225806451612903,0.8636363636363636,1.0,0.0,1.0,1
223136,Rozhan Karajayeva,0.0,0.05128205128205128,0.38095238095238093,0,0.0,1.0,1
223137,Arzuv Klycheva,0.023809523809523808,0.023809523809523808,0.5,0.7777777777777778,0.3333333333333333,0.0,1
213841,Tamachan Momkoonthod,0.19230769230769232,0.038461538461538464,1.0,0.8571428571428571,0,0.8571428571428572,1
215186,Watsachol Sawasdee,0.12962962962962962,0.1111111111111111,0.8148148148148148,0.6428571428571429,0.6666666666666666,0.6666666666666667,1
223005,Anchisa Chanta,0.0,0.09803921568627451,0.8,0.6923076923076923,0.0,0.5555555555555556,1
223138,Bahar Toymyradova,0.029411764705882353,0.29411764705882354,0.0,1.0,0.3,1.0,1
223140,Shinejargal Battur,0.0,0.11320754716981132,0.38095238095238093,0.5,0.375,1.0,1
214880,Iana Tishchenko,0.03125,0.21875,0.15384615384615385,0,0.4,0.0,1
210786,Anastasia Vdovenco,0.011627906976744186,0.023255813953488372,0.49122807017543857,1.0,0.46153846153846156,0.5,1
215260,Shelly Bereznyak,0.0,0.022727272727272728,0.7352941176470589,0,0.6666666666666666,0.8333333333333334,1
211267,Daniela Ciobanu,0.0,0.02127659574468085,0.4444444444444444,0,0.16666666666666666,0.33333333333333337,1
214741,Anastasia Kulikova,0.04878048780487805,0.024390243902439025,0.6153846153846154,0.6842105263157895,0.625,0.2857142857142857,1
215395,Oona Orpana,0.010416666666666666,0.020833333333333332,0.5714285714285714,0.8461538461538461,0.6363636363636364,0.33333333333333337,1
