id,name,ace,df,1stWon,2ndWon,bpSaved,bpLost,matches,hard,clay,grass
201506,Sara Errani,0.0014337945372428131,0.020216502975123663,0.5490145003038985,0.5006890215893431,0.5155579399141631,0.5318818040435459,218,47,66,6
201347,Jelena Jankovic,0.04149150063973679,0.0525498080789618,0.6470846762379139,0.548908420754182,0.562242374278648,0.4793328498912255,184,55,23,13
201419,Na Li,0.030629853321829163,0.05220017256255392,0.6562703053931124,0.6027820710973725,0.6069868995633187,0.5540983606557377,34,24,5,2
201458,Victoria Azarenka,0.03925803582772202,0.0693685681616059,0.671725688589095,0.570632911392405,0.5836341756919374,0.49369369369369365,135,65,12,12
201520,Petra Kvitova,0.06662933930571109,0.0673758865248227,0.703023538961039,0.6047600468201326,0.592617908407382,0.4563627498781082,265,114,39,26
201493,Angelique Kerber,0.022412368126792745,0.041518790412757065,0.644949941107185,0.5534313725490196,0.5775822139879574,0.4695121951219512,330,138,41,38
201474,Agnieszka Radwanska,0.03552648454533795,0.022636911632679235,0.6545014618409114,0.5093167701863354,0.5709112854556427,0.5083612040133779,266,120,18,27
200033,Serena Williams,0.13326616596446236,0.05422238505220736,0.7589354788797772,0.5897302904564315,0.6152019002375297,0.48091603053435117,193,107,36,22
205925,Aliaksandra Sasnovich,0.0,0.07936507936507936,0.5961538461538461,0,0.5,0.2727272727272727,1,0,0,0
202628,Maryna Zanevska,0.0,0.02127659574468085,0.7575757575757576,1.0,0.6666666666666666,0.33333333333333337,1,0,1,0
202536,Ana Bogdan,0.0,0.0,0.5510204081632653,1.0,0.6666666666666666,0.33333333333333337,1,0,0,0
214082,Darya Kasatkina,0.02211727666273121,0.050137741046831955,0.6010845219851467,0.5402459474566798,0.5285343709468223,0.48464163822525597,186,68,31,10
202434,Aleksandra Krunic,0.0,0.046875,0.48717948717948717,0.6666666666666666,0.5,0.33333333333333337,1,0,0,0
201504,Julia Goerges,0.08642226748133061,0.048472505091649694,0.7184834123222749,0.5472681524083394,0.5967623252391464,0.435361216730038,219,85,35,11
203552,Risa Ozaki,0.016666666666666666,0.05,0.5454545454545454,0,0.3333333333333333,0.25,1,0,0,0
201498,Karin Knapp,0.021739130434782608,0.08695652173913043,0.7758620689655172,0.75,0.6666666666666666,0.375,1,0,1,0
201481,Tamira Paszek,0.0,0.08823529411764706,0.5967741935483871,0.6818181818181818,0.625,0.33333333333333337,1,0,0,0
201596,Johanna Larsson,0.015873015873015872,0.047619047619047616,0.6862745098039216,0,1.0,0.4,1,0,1,0
201527,Stefanie Voegele,0.03773584905660377,0.09433962264150944,0.625,0.8888888888888888,0.6,0.0,1,0,0,0
201555,Polona Hercog,0.09615384615384616,0.07692307692307693,0.7777777777777778,0.5625,0.75,0.5,1,0,1,0
201693,Timea Babos,0.04081632653061224,0.061224489795918366,0.6388888888888888,0,0.5,0.25,1,0,0,0
201556,Lucie Hradecka,0.18518518518518517,0.018518518518518517,0.8125,0.8888888888888888,0.8,0.625,1,0,1,0
202418,Lara Arruabarrena,0.03278688524590164,0.04918032786885246,0.5609756097560976,1.0,0.375,0.19999999999999996,1,0,0,0
203533,Anna Karolina Schmiedlova,0.06172839506172839,0.04938271604938271,0.6730769230769231,0.6666666666666666,0.75,0.3571428571428571,1,0,1,0
201537,Patricia Mayr Achleitner,0.0,0.03614457831325301,0.5757575757575758,0,0.6428571428571429,0.25,1,0,0,0
202671,Cristina Andreea Mitu,0.0,0.05755395683453238,0.5566037735849056,0.9375,0.7083333333333334,0.32258064516129037,1,0,1,0
202482,Barbara Haas,0.0,0.058394160583941604,0.5148514851485149,1.0,0.6774193548387096,0.29166666666666663,1,0,0,0
202470,Annika Beck,0.0,0.08,0.45,0,0.3333333333333333,0.4444444444444444,1,0,1,0
202694,Teliana Pereira,0.0,0.0967741935483871,0.4,0,0.5555555555555556,0.6666666666666667,1,0,0,0
202653,Denisa Allertova,0.056818181818181816,0.07954545454545454,0.7258064516129032,0,0.5,0.33333333333333337,1,0,1,0
202489,Carina Witthoeft,0.035398230088495575,0.04424778761061947,0.6164383561643836,0.6956521739130435,0.6666666666666666,0.5,1,0,0,0
203575,Danka Kovinic,0.06896551724137931,0.08620689655172414,0.7428571428571429,0.7142857142857143,0.3333333333333333,0.4444444444444444,1,0,1,0
211701,Katerina Siniakova,0.0,0.1694915254237288,0.6451612903225806,0.625,0.5555555555555556,0.6666666666666667,1,0,0,0
202480,Richel Hogenkamp,0.03571428571428571,0.05357142857142857,0.7037037037037037,0.5625,0.75,0.6,1,0,1,0
201549,Petra Martic,0.04965019183028662,0.04129993229519296,0.6546941678520626,0.543037088873338,0.5748502994011976,0.4188948306595366,70,18,13,4
201344,Klara Koukalova,0.00945520036019811,0.08824853669518234,0.606280193236715,0.5750636132315522,0.48859934853420195,0.4440677966101695,39,5,5,3
204431,Anna Lena Friedsam,0.03333333333333333,0.03333333333333333,0.7619047619047619,1.0,0.0,0.7142857142857143,1,0,0,0
201325,Samantha Stosur,0.05901065691108637,0.05240973437251471,0.6641072358146799,0.5747453210139777,0.5847201210287444,0.43328220858895705,196,34,54,8
201545,Anastasija Sevastova,0.03493342100937038,0.03394706559263521,0.6450006914672936,0.511101243339254,0.5556368960468521,0.49284253578732107,183,54,40,15
201499,Anastasia Pavlyuchenkova,0.03737058573252021,0.06318252730109204,0.6489540217026513,0.5452414439756212,0.5487012987012987,0.4498516320474777,210,78,24,9
206404,Elizaveta Kulichkova,0.0425531914893617,0.05319148936170213,0.6226415094339622,0.6521739130434783,0.16666666666666666,0.33333333333333337,1,0,0,0
201435,Kateryna Bondarenko,0.029411764705882353,0.058823529411764705,0.673469387755102,0.8888888888888888,0.9,0.5,1,1,0,0
202488,Valentyna Ivakhnenko,0.0,0.07317073170731707,0.42857142857142855,0.875,0.5,0.09999999999999998,1,0,0,0
201465,Kirsten Flipkens,0.035211267605633804,0.030697002527988442,0.6251298026998962,0.5007530120481928,0.5334382376081825,0.44340425531914895,154,48,12,13
201666,Cagla Buyukakcay,0.010416666666666666,0.0,0.5373134328358209,0.7,0.4444444444444444,0.19999999999999996,1,0,0,0
201554,Vitalia Diatchenko,0.0,0.09259259259259259,0.6904761904761905,1.0,0.6,0.3076923076923077,1,1,0,0
201672,Nigina Abduraimova,0.03508771929824561,0.08771929824561403,0.5405405405405406,0.8181818181818182,0.6923076923076923,0.4,1,0,0,0
201456,Olga Savchuk,0.06666666666666667,0.044444444444444446,0.8846153846153846,0.7272727272727273,1.0,0.5714285714285714,1,1,0,0
201597,Kurumi Nara,0.0,0.030303030303030304,0.4888888888888889,0.75,0.42857142857142855,0.0,1,0,0,0
206255,Patricia Maria Tig,0.02127659574468085,0.14893617021276595,0.5666666666666667,0,0.5,0.7,1,1,0,0
203549,Olga Ianchuk,0.0196078431372549,0.11764705882352941,0.43243243243243246,0,0.3,0.5,1,0,0,0
202684,Lin Zhu,0.021505376344086023,0.07526881720430108,0.5918367346938775,0.6,0.36363636363636365,0.4,1,1,0,0
201697,Kristyna Pliskova,0.08602150537634409,0.11827956989247312,0.6666666666666666,0,0.6,0.6363636363636364,1,0,0,0
202499,Donna Vekic,0.049614961496149614,0.07557755775577557,0.6626578472639808,0.5352319436288901,0.5457115928369463,0.45706106870229013,142,40,10,13
201212,Francesca Schiavone,0.029150823827629912,0.06826000362122035,0.6352242744063324,0.5376955903271693,0.5175953079178885,0.43851851851851853,89,11,19,3
201516,Evgeniya Rodina,0.0,0.07692307692307693,0.7333333333333333,0.5,1.0,0.5714285714285714,1,1,0,0
211472,Oleksandra Korashvili,0.058823529411764705,0.08823529411764706,0.7727272727272727,0.6,0,0.6,1,1,0,0
214842,Zuleykha Safarova,0.0,0.1282051282051282,0.4444444444444444,0.8571428571428571,0.4,0,1,0,0,0
206107,Zhaoxuan Yang,0.0,0.23076923076923078,0.6666666666666666,0,0.5,1.0,1,1,0,0
201377,Yuliya Beygelzimer,0.045454545454545456,0.045454545454545456,0.2857142857142857,1.0,0.0,0.5,1,0,0,0
202506,Margarita Gasparyan,0.08620689655172414,0.1206896551724138,0.5428571428571428,0.5882352941176471,0.6666666666666666,0.6666666666666667,1,1,0,0
201495,Dominika Cibulkova,0.012905452035886819,0.045548654244306416,0.6196306287611537,0.5531406735132554,0.5613405146618791,0.47342465753424656,207,89,16,18
201599,Andrea Hlavackova,0.0125,0.1,0.6666666666666666,0.9230769230769231,0.2857142857142857,0.46153846153846156,1,1,0,0
201587,Bojana Jovanovski,0.023809523809523808,0.047619047619047616,0.6086956521739131,0.75,0.5384615384615384,0.7142857142857143,1,0,0,0
201668,Alexandra Panova,0.06,0.02,0.8,0.75,0.5,0.4444444444444444,1,1,0,0
202663,Magda Linette,0.02040816326530612,0.08163265306122448,0.5161290322580645,0.8,0.5555555555555556,0.5,1,0,0,0
204426,Anett Kontaveit,0.046395858223815215,0.05465949820788531,0.6543249281838494,0.5441586612953208,0.5630885122410546,0.45826235093696766,148,43,23,11
202685,Misa Eguchi,0.018867924528301886,0.09433962264150944,0.4782608695652174,0,0.4,0.6,1,0,0,0
201452,Lourdes Dominguez Lino,0.0,0.022222222222222223,0.7428571428571429,0,0,0.8,1,0,1,0
206329,Montserrat Gonzalez,0.02631578947368421,0.10526315789473684,0.48,1.0,0.2,0,1,0,0,0
206242,Beatriz Haddad Maia,0.09375,0.0,0.75,0.7,0.0,0.5454545454545454,1,0,1,0
202395,Maria Irigoyen,0.0,0.02564102564102564,0.32142857142857145,0,0.45454545454545453,1.0,1,0,0,0
202420,An Sophie Mestach,0.0,0.0847457627118644,0.6216216216216216,0,0.3333333333333333,0.6666666666666667,1,0,0,0
201483,Madison Brengle,0.015151515151515152,0.015151515151515152,0.6274509803921569,0,0.7142857142857143,0.6,1,0,1,0
202477,Dinah Pfizenmaier,0.0,0.03225806451612903,0.6923076923076923,0,0.4444444444444444,0.4117647058823529,1,0,1,0
201638,Estrella Cabeza Candela,0.030927835051546393,0.041237113402061855,0.6111111111111112,0,0.5882352941176471,0.5555555555555556,1,0,0,0
206194,Gabriela Ce,0.0,0.03529411764705882,0.5441176470588235,0,0.2857142857142857,0.7692307692307692,1,0,1,0
201426,Pauline Parmentier,0.020618556701030927,0.08247422680412371,0.5510204081632653,0.8666666666666667,0.23076923076923078,0.7142857142857143,1,0,0,0
201640,Maria Teresa Torro Flor,0.01652892561983471,0.09917355371900827,0.5662650602409639,1.0,0.6470588235294118,0.7142857142857143,1,0,0,0
202421,Alison Van Uytvanck,0.0,0.043478260869565216,0.4230769230769231,1.0,0.3333333333333333,1.0,1,0,0,0
202440,Paula Ormaechea,0.028985507246376812,0.0,0.5849056603773585,0,0.4,0.5,1,0,1,0
204427,Sara Sorribes Tormo,0.0,0.07142857142857142,0.5434782608695652,0,0.5,0.6,1,0,0,0
202705,Veronica Cepede Royg,0.0,0.0,0.6,0.5555555555555556,0.6,0.7142857142857143,1,0,1,0
205591,Paula Cristina Goncalves,0.03389830508474576,0.0847457627118644,0.6,0,0.2857142857142857,0.4,1,0,0,0
201311,Roberta Vinci,0.03072657964652882,0.02483539332332217,0.6239332448321638,0.4949206349206349,0.5292397660818714,0.4482758620689655,141,40,12,4
202479,Grace Min,0.03278688524590164,0.04918032786885246,0.5853658536585366,0.8,0.6666666666666666,0.5454545454545454,1,0,1,0
201541,Chanelle Scheepers,0.0,0.08695652173913043,0.48,0,0.45454545454545453,0.33333333333333337,1,0,0,0
202498,Julia Glushko,0.009900990099009901,0.0297029702970297,0.5714285714285714,0.7894736842105263,0.4,0.6428571428571428,1,0,1,0
201318,Bethanie Mattek Sands,0.02564102564102564,0.01282051282051282,0.6222222222222222,0.5625,0.8333333333333334,0.625,1,0,1,0
201593,Irina Camelia Begu,0.15,0.075,0.9230769230769231,0,0.5,0.5555555555555556,1,0,1,0
201542,Olivia Rogowska,0.0,0.1,0.5111111111111111,0,0.4444444444444444,0.5,1,0,0,0
213583,Tatjana Maria,0.03278688524590164,0.01639344262295082,0.7714285714285715,0.6923076923076923,0.6666666666666666,0.36363636363636365,1,0,1,0
202302,Maria Fernanda Alves,0.0,0.03773584905660377,0.5757575757575758,0.8888888888888888,0.6363636363636364,0.33333333333333337,1,0,0,0
202490,Rebecca Peterson,0.0,0.07142857142857142,0.56,0,0.3333333333333333,0.2727272727272727,1,0,0,0
211635,Louisa Chirico,0.06976744186046512,0.13953488372093023,0.5454545454545454,1.0,0.25,0.5,1,0,0,0
203521,Andrea Gamiz,0.0,0.031746031746031744,0.4639175257731959,1.0,0.5,0.6666666666666667,1,0,0,0
202467,Elitsa Kostova,0.0,0.013333333333333334,0.5769230769230769,1.0,0.25,0.8,1,0,1,0
201532,Anastasia Pivovarova,0.0,0.25862068965517243,0.5405405405405406,0,0.2,0.75,1,0,0,0
201696,Laura Siegemund,0.046511627906976744,0.023255813953488372,0.6451612903225806,1.0,0.0,0.5454545454545454,1,0,1,0
203379,Marina Melnikova,0.0,0.11764705882352941,0.4473684210526316,0,0.45454545454545453,1.0,1,0,0,0
203518,Paula Kania,0.0,0.058823529411764705,0.6944444444444444,0.8,0.8333333333333334,0.3846153846153846,1,0,1,0
206178,Susanne Celik,0.017543859649122806,0.017543859649122806,0.5454545454545454,1.0,0.6153846153846154,0.16666666666666663,1,0,0,0
206183,Cindy Burger,0.0,0.1326530612244898,0.5964912280701754,0.7894736842105263,0.47058823529411764,0.47058823529411764,1,0,0,0
202430,Alize Lim,0.017699115044247787,0.04424778761061947,0.5930232558139535,0,0.2727272727272727,0.44999999999999996,1,0,1,0
206430,Carolina Meligeni Rodrigues Alves,0.0,0.06521739130434782,0.46153846153846156,1.0,0.25,0.4,1,0,0,0
201605,Mandy Minella,0.0,0.03409090909090909,0.5230769230769231,0,0.5,0.5454545454545454,1,0,0,0
213604,Luisa Stefani,0.0196078431372549,0.0392156862745098,0.4642857142857143,0.9,0.3333333333333333,0.4,1,0,0,0
206124,Tereza Martincova,0.0,0.04411764705882353,0.5370370370370371,0,0.16666666666666666,0.4666666666666667,1,0,1,0
206045,Quirine Lemoine,0.0,0.05128205128205128,0.5,0.9230769230769231,0.5333333333333333,0.8333333333333334,1,0,0,0
201548,Ajla Tomljanovic,0.0,0.13432835820895522,0.7,0.75,0.5,0.625,1,0,1,0
201440,Laura Pous Tio,0.0,0.0273972602739726,0.5106382978723404,0.75,0.375,0.5,1,0,0,0
202494,Elina Svitolina,0.04127758282281568,0.0361030155237019,0.6537576687116564,0.5275754422476587,0.5448275862068965,0.470048097944906,255,121,42,8
211043,Maria Paulina Perez Garcia,0.0,0.04838709677419355,0.4318181818181818,0.8181818181818182,0.6153846153846154,1.0,1,0,0,0
200617,Kimiko Date Krumm,0.014925373134328358,0.07462686567164178,0.5,1.0,0.4,0.6,1,0,0,0
201604,Irina Falconi,0.03225806451612903,0.08064516129032258,0.696969696969697,0.47368421052631576,0.8,0.6666666666666667,1,0,1,0
201514,Sorana Cirstea,0.0,0.041666666666666664,0.6296296296296297,1.0,0.3333333333333333,0.19999999999999996,1,0,0,0
211864,Maria Fernanda Herazo Gonzalez,0.05263157894736842,0.08421052631578947,0.6507936507936508,0.9375,0.6153846153846154,0.3846153846153846,1,0,0,0
201603,Shelby Rogers,0.046511627906976744,0.06976744186046512,0.5714285714285714,0.8888888888888888,0.3333333333333333,0.5,1,0,0,0
201531,Mariana Duque Marino,0.05217391304347826,0.02608695652173913,0.6282051282051282,0.6956521739130435,0.6666666666666666,0.625,1,0,1,0
202464,Yuliana Lizarazo,0.0,0.0392156862745098,0.5714285714285714,0.6153846153846154,0.5714285714285714,0.0,1,0,0,0
201657,Nastja Kolar,0.037037037037037035,0.018518518518518517,0.6153846153846154,0.6153846153846154,0.5,0.0,1,0,0,0
201468,Yaroslava Shvedova,0.03529411764705882,0.10588235294117647,0.6153846153846154,0.6818181818181818,0.3333333333333333,0.5384615384615384,1,0,1,0
203500,Sachia Vickery,0.07526881720430108,0.0,0.6388888888888888,0.4827586206896552,0.5454545454545454,0.42105263157894735,1,0,1,0
201568,Kristina Kucova,0.0,0.06896551724137931,0.5862068965517241,0,0.5789473684210527,0.4545454545454546,1,0,0,0
202484,Nicole Gibbs,0.013513513513513514,0.08108108108108109,0.7894736842105263,0.55,0.8181818181818182,0.6666666666666667,1,0,1,0
201370,Anastasia Rodionova,0.014925373134328358,0.05970149253731343,0.6842105263157895,0.7692307692307693,0.3333333333333333,0.18181818181818177,1,0,0,0
201620,Monica Puig,0.0851063829787234,0.02127659574468085,0.7727272727272727,0.5294117647058824,0.6666666666666666,0.4444444444444444,1,0,1,0
201662,Karolina Pliskova,0.09765851091817943,0.04383057090239411,0.7165574486675405,0.5272483621203097,0.6090858104318564,0.45259799453053784,283,126,34,27
201450,Tsvetana Pironkova,0.03773584905660377,0.0,0.8157894736842105,1.0,1.0,0.375,1,0,1,0
201501,Olga Govortsova,0.0,0.03125,0.6,0.75,0.625,0.0,1,0,0,0
201535,Coco Vandeweghe,0.08886107634543179,0.06200057764513334,0.718441466854725,0.5815724815724815,0.5704008221993834,0.4097345132743363,162,42,15,28
201427,Alize Cornet,0.019342507645259938,0.06758409785932722,0.6137278106508876,0.5352187833511206,0.5369047619047619,0.4693753790175864,192,67,23,4
214123,Kristina Schmiedlova,0.0,0.058823529411764705,0.375,0.6,0.3333333333333333,0.4285714285714286,1,0,0,0
201533,Shuai Zhang,0.01694915254237288,0.05084745762711865,0.6511627906976745,1.0,0.6,0.36363636363636365,1,0,1,0
201320,Svetlana Kuznetsova,0.040501446480231434,0.047171327547412406,0.6383236434108527,0.5335935321996097,0.5478645066273933,0.47590759075907596,184,60,27,15
201512,Monica Niculescu,0.0,0.02197802197802198,0.48148148148148145,0,0.5333333333333333,0.46153846153846156,1,0,0,0
200002,Mirjana Lucic,0.04052969502407704,0.08828250401284109,0.6467136150234741,0.5404556166535742,0.5306781485468245,0.49387254901960786,110,25,17,3
201518,Yanina Wickmayer,0.045647969052224374,0.05054803352675693,0.6506559031281534,0.5207986688851913,0.5472578763127188,0.4375757575757576,116,32,8,8
202429,Camila Giorgi,0.0425531914893617,0.10638297872340426,0.6363636363636364,0.7619047619047619,0.5333333333333333,0.625,1,0,0,0
201586,Heather Watson,0.015873015873015872,0.023809523809523808,0.6585365853658537,0.7391304347826086,0.6,0.4444444444444444,1,0,0,0
201455,Elena Vesnina,0.034362139917695475,0.051954732510288065,0.6279980420949584,0.5464285714285714,0.5694200351493849,0.4470899470899471,140,41,21,10
202450,Jana Cepelova,0.0,0.0196078431372549,0.4666666666666667,0.875,0.5454545454545454,0.33333333333333337,1,0,0,0
201366,Barbora Zahlavova Strycova,0.032362459546925564,0.03598705501618123,0.627000695894224,0.5274383930420377,0.565415244596132,0.4778193479422769,235,88,24,20
211951,Ana Konjuh,0.054310728594747,0.0681109956966909,0.669897825517422,0.5370749692748873,0.56,0.4589308996088657,107,31,11,14
202505,Belinda Bencic,0.03566391295587346,0.056014507354422725,0.6638774865803599,0.5375454846179292,0.5696087352138307,0.43533389687235846,155,55,4,22
202702,Tereza Smitkova,0.09401709401709402,0.05982905982905983,0.6578947368421053,0.8235294117647058,0.7333333333333333,0.3076923076923077,1,0,1,0
201425,Lucie Safarova,0.06995812979762736,0.0503314724354501,0.7024403771491958,0.5695238095238095,0.6037364798426745,0.4210956663941129,160,48,25,17
201619,Madison Keys,0.08018749476856114,0.031556039173014146,0.6951864586088337,0.5433641589602599,0.5953026196928636,0.43968593861527483,187,70,31,15
201539,Christina Mchale,0.0,0.11764705882352941,0.65625,0,0.5,0.2222222222222222,1,0,0,0
201540,Kristina Mladenovic,0.05564486212439718,0.06634104117719797,0.6684542586750789,0.5373722889406704,0.5613648871766649,0.4430517711171662,235,58,34,25
201590,Alison Riske,0.020262968299711817,0.0525036023054755,0.6183155080213903,0.5598023064250411,0.5336538461538461,0.4288777698355969,157,43,13,18
201610,Zarina Diyas,0.010309278350515464,0.05154639175257732,0.5135135135135135,0,0.5263157894736842,0.3529411764705882,1,0,0,0
202492,Qiang Wang,0.03801201529219006,0.030802839978154015,0.6297565992458005,0.523102310231023,0.546234509056244,0.454983922829582,158,66,11,1
202681,Gabriela Dabrowski,0.04838709677419355,0.03225806451612903,0.5476190476190477,0.75,0.6666666666666666,0.1428571428571429,1,0,0,0
201616,Lauren Davis,0.0,0.09090909090909091,0.5714285714285714,1.0,0.6,0.5,1,0,0,0
200043,Virginie Razzano,0.027210884353741496,0.06802721088435375,0.6163793103448276,0.5451127819548872,0.5118110236220472,0.5461538461538462,15,0,9,0
201621,Mona Barthel,0.03389830508474576,0.05084745762711865,0.5714285714285714,0,0.5454545454545454,0.2727272727272727,1,0,0,0
201615,Lesia Tsurenko,0.0379746835443038,0.02531645569620253,0.6170212765957447,0.6470588235294118,0.6363636363636364,0.4545454545454546,1,0,1,0
201478,Varvara Lepchenko,0.028680897646414887,0.03535851122058019,0.6033402922755741,0.5348837209302325,0.5470319634703197,0.4395491803278688,127,38,10,4
206219,Oceane Dodin,0.027777777777777776,0.1111111111111111,0.7021276595744681,0.8571428571428571,0.6666666666666666,0.5,1,0,0,0
201585,Sloane Stephens,0.022684839432412247,0.026512322628827484,0.6249476768522394,0.552073732718894,0.5694564279551337,0.4823889739663093,165,65,29,7
203297,Nadiya Kichenok,0.0,0.10256410256410256,0.38461538461538464,0,0.3333333333333333,0.11111111111111116,1,0,0,0
202453,Saisai Zheng,0.0,0.0,0.48333333333333334,0.75,0.5454545454545454,0.5555555555555556,1,0,1,0
201444,Su Wei Hsieh,0.0,0.05128205128205128,0.48936170212765956,0.6,0.4444444444444444,0.4545454545454546,1,0,0,0
201485,Alla Kudryavtseva,0.022727272727272728,0.045454545454545456,0.5454545454545454,0,0.5,0.0,1,0,0,0
201457,Jarmila Gajdosova,0.1111111111111111,0.05555555555555555,0.6875,0.6428571428571429,0.3333333333333333,0.0,1,0,0,0
201290,Daniela Hantuchova,0.0345170925987388,0.05940922668436774,0.6188775510204082,0.5529953917050692,0.4986376021798365,0.4365325077399381,45,11,1,5
203591,Katy Dunne,0.0,0.07142857142857142,0.4230769230769231,1.0,0.375,0.1428571428571429,1,0,0,0
202427,Johanna Konta,0.06477701609797427,0.038049757375028886,0.6824299296209408,0.5682025547445255,0.608130081300813,0.4492843808338519,202,85,8,31
201517,Magdalena Rybarikova,0.05443255383802352,0.037653586999603646,0.6610821824767942,0.5173010380622838,0.5514018691588785,0.46125907990314774,118,33,6,17
201348,Casey Dellacqua,0.045454545454545456,0.06060606060606061,0.8205128205128205,0.7333333333333333,0.6666666666666666,0.2142857142857143,1,0,0,1
201402,Sesil Karatantcheva,0.05063291139240506,0.11392405063291139,0.6122448979591837,0.5555555555555556,0.7857142857142857,0.33333333333333337,1,0,0,0
201709,Yulia Putintseva,0.04,0.0,0.5,0.2857142857142857,1.0,0.6,1,0,1,0
201492,Andrea Petkovic,0.019829763352352446,0.049387335141707976,0.5995516323385176,0.5438135871348868,0.5320271288620949,0.4448373408769448,159,51,11,10
202428,Kiki Bertens,0.0628907412920512,0.06065793390890146,0.6779811848461734,0.5331230283911672,0.5566433566433566,0.4801186943620178,203,47,59,10
204430,Antonia Lottner,0.03389830508474576,0.11864406779661017,0.4878048780487805,0,0.4166666666666667,0.5,1,0,0,0
201513,Sabine Lisicki,0.07631578947368421,0.07617728531855955,0.6767436324684599,0.5565040650406504,0.5522012578616352,0.44028950542822676,103,33,7,10
201562,Silvia Soler Espinosa,0.029411764705882353,0.029411764705882353,0.5882352941176471,0,0.3333333333333333,0.25,1,0,0,0
201339,Renata Voracova,0.0,0.14432989690721648,0.5507246376811594,1.0,0.5714285714285714,0.2857142857142857,1,0,0,0
201595,Misaki Doi,0.0,0.07317073170731707,0.64,0.8,0.0,0.8571428571428572,1,0,1,0
202469,Garbine Muguruza,0.048952003823308526,0.0458797023281218,0.6714207947740882,0.5412748171368861,0.5813148788927336,0.47792915531335145,239,88,36,19
201523,Marina Erakovic,0.04411764705882353,0.058823529411764705,0.7209302325581395,0,0.2857142857142857,0.19999999999999996,1,0,0,0
201355,Flavia Pennetta,0.03329065300896287,0.05335040546308152,0.6425470332850941,0.5705669481302774,0.5909090909090909,0.475,46,12,5,0
201466,Kaia Kanepi,0.044971133394105134,0.06563354603463993,0.6458333333333334,0.5397987191216834,0.5558312655086849,0.4723618090452262,52,21,3,1
201524,Urszula Radwanska,0.0,0.07407407407407407,0.4411764705882353,0,0.5625,0.75,1,0,0,0
213634,Rita Atik,0.0,0.0,0.3076923076923077,0,0.14285714285714285,0,1,0,0,0
201490,Timea Bacsinszky,0.023074423139421516,0.037265735023291086,0.6150992095499274,0.5491221516623086,0.5370548604427334,0.4624697336561744,140,38,35,8
201496,Caroline Wozniacki,0.03626656848306333,0.03166421207658321,0.6543333637109269,0.5305271931652428,0.578096947935368,0.5074269286056541,251,119,28,22
206374,Yafan Wang,0.0,0.0851063829787234,0.5,0,0.2857142857142857,0.25,1,0,0,0
204304,Jawairiah Noordin,0.018867924528301886,0.09433962264150944,0.5555555555555556,0.8888888888888888,0.5714285714285714,0.1428571428571429,1,0,0,0
202503,Luksika Kumkhum,0.014084507042253521,0.07042253521126761,0.5555555555555556,1.0,0.6363636363636364,0.6,1,1,0,0
201612,Junri Namigata,0.0,0.0967741935483871,0.5945945945945946,1.0,0.4,0.36363636363636365,1,0,0,0
203462,Kateryna Kozlova,0.0,0.0,0.6166666666666667,0,0.6666666666666666,0.5714285714285714,1,1,0,0
202504,Ying Ying Duan,0.09523809523809523,0.047619047619047616,0.7906976744186046,0.8,0.8,0.4444444444444444,1,1,0,0
201703,Yi Fan Xu,0.0,0.04819277108433735,0.5967741935483871,0,0.5555555555555556,0.19999999999999996,1,0,0,0
201567,Alexandra Dulgheru,0.0,0.04878048780487805,0.5409836065573771,0.9166666666666666,0.5,0.4666666666666667,1,1,0,0
201345,Maria Sharapova,0.07203907203907203,0.08211233211233211,0.6992057391749936,0.5956439393939394,0.5839874411302983,0.4429319371727749,105,39,26,5
202594,Elena Bogdan,0.0,0.030303030303030304,0.5957446808510638,1.0,0.25,0.4444444444444444,1,1,0,0
201614,Caroline Garcia,0.06105324074074074,0.04079861111111111,0.6599981977110931,0.5751598173515982,0.5857473928157589,0.43763213530655387,252,97,38,16
204420,Marcela Zacarias,0.0,0.09523809523809523,0.4666666666666667,0,0.4,0.6666666666666667,1,0,0,0
204419,Ana Sofia Sanchez,0.0,0.09615384615384616,0.5,0.875,0.5833333333333334,0.0,1,0,0,0
213631,Marie Bouzkova,0.016666666666666666,0.03333333333333333,0.4090909090909091,0,0.2222222222222222,0.4444444444444444,1,0,0,0
201421,Ana Ivanovic,0.046695851573900354,0.06441525953721075,0.6668939652233208,0.5401034928848641,0.553072625698324,0.44051446945337625,77,20,12,3
201400,Nicole Vaidisova,0.09090909090909091,0.045454545454545456,0.5641025641025641,0.8181818181818182,0.5,0.5,1,0,0,0
201329,Vera Zvonareva,0.02510460251046025,0.060669456066945605,0.6125,0.5331491712707183,0.5433333333333333,0.48630136986301364,37,17,1,0
206049,Jovana Jaksic,0.10344827586206896,0.16091954022988506,0.7906976744186046,0.5555555555555556,0.6,0.2727272727272727,1,0,0,0
202446,Eugenie Bouchard,0.03386411889596603,0.05021231422505308,0.6238137869292748,0.5384615384615384,0.537643932683791,0.4368755676657584,139,44,12,7
201414,Michaella Krajicek,0.25806451612903225,0.0,0.7380952380952381,0.8461538461538461,0.75,1.0,1,0,0,1
202500,Maria Sanchez,0.12903225806451613,0.06451612903225806,0.6341463414634146,0.9090909090909091,0.5,0.33333333333333337,1,0,0,0
202468,Jessica Pegula,0.0,0.07575757575757576,0.5227272727272727,1.0,0.5454545454545454,0.30000000000000004,1,0,0,0
211684,Magdalena Frech,0.08108108108108109,0.10810810810810811,0.5416666666666666,0,0.2,0.0,1,0,0,0
201424,Shahar Peer,0.012048192771084338,0.05220883534136546,0.5189873417721519,0.6081081081081081,0.2903225806451613,0.5454545454545454,8,0,1,0
201588,Anna Tatishvili,0.013888888888888888,0.0,0.6444444444444445,0.6470588235294118,0.3333333333333333,0.4,1,0,1,0
202436,Reka Luca Jani,0.0,0.08333333333333333,0.38461538461538464,0,0.2857142857142857,1.0,1,0,0,0
202669,Cristina Dinu,0.049019607843137254,0.029411764705882353,0.6153846153846154,0.875,0.6842105263157895,0.41666666666666663,1,0,0,0
204434,Ysaline Bonaventure,0.0,0.09523809523809523,0.6190476190476191,1.0,0.375,0.0,1,0,0,0
201551,Arantxa Rus,0.06593406593406594,0.04395604395604396,0.6349206349206349,0,0.625,0.2272727272727273,1,0,0,0
201387,Sofia Arvidsson,0.018518518518518517,0.037037037037037035,0.4594594594594595,1.0,0.5454545454545454,0,1,0,0,0
201397,Shuai Peng,0.029024116657319125,0.03280987100392597,0.6254440497335702,0.5167785234899329,0.5731132075471698,0.46599496221662473,105,47,4,4
200009,Tamarine Tanasugarn,0.0,0.06896551724137931,0.5128205128205128,0,0.5,0.5,1,0,0,0
201472,Romina Oprandi,0.02564102564102564,0.02564102564102564,0.6041666666666666,0.6428571428571429,0.75,0.8571428571428572,1,1,0,0
201631,Nicha Lertpitaksinchai,0.0,0.0,0.5,0,0.3333333333333333,0,1,0,0,0
201442,Yung Jan Chan,0.05952380952380952,0.10714285714285714,0.6727272727272727,0,0.5555555555555556,0.25,1,0,0,0
200748,Venus Williams,0.044019564250778125,0.05842596709648733,0.6613919413919414,0.5444858817261587,0.5700325732899023,0.46642599277978336,166,70,14,16
201611,Daria Gavrilova,0.02894937322529261,0.0705034974721241,0.6275290572535515,0.544042708080563,0.5563739376770538,0.4675767918088737,201,69,28,10
211533,Jelena Ostapenko,0.042675596771423664,0.08346213292117466,0.6442675159235669,0.5316340464269458,0.5102184637068358,0.48909451421017847,169,53,23,17
203567,Ipek Soylu,0.05,0.075,0.7346938775510204,0.9285714285714286,0.5555555555555556,0.3846153846153846,1,1,0,0
201505,Ekaterina Makarova,0.03635441325667907,0.04184984781873521,0.6433664374840845,0.5368450546371533,0.5563325563325563,0.4593023255813954,179,68,16,11
201648,Naomi Broady,0.1958762886597938,0.041237113402061855,0.8421052631578947,0.85,0.3333333333333333,0.16666666666666663,1,1,0,0
203341,Sanaz Marand,0.03225806451612903,0.03225806451612903,0.575,0,0.6,1.0,1,0,0,0
203501,Taylor Townsend,0.017241379310344827,0.04310344827586207,0.6029411764705882,0.6666666666666666,0.6470588235294118,0.2857142857142857,1,0,0,0
211796,Francoise Abanda,0.0,0.05263157894736842,0.582089552238806,0.8125,0.6153846153846154,0.2222222222222222,1,0,0,0
203475,Carol Zhao,0.0,0.058823529411764705,0.38095238095238093,0.4666666666666667,0.5,0.0,1,0,0,0
201521,Carla Suarez Navarro,0.0172858437303966,0.026486373457865756,0.6186537069589494,0.517852975495916,0.540272614622057,0.45301837270341205,224,73,40,12
201594,Simona Halep,0.028322731837964514,0.03796451288918647,0.6384584423425237,0.5557813911472448,0.5530973451327433,0.495897903372835,244,101,57,14
202487,Nastassja Burnett,0.016666666666666666,0.08333333333333333,0.675,0.8461538461538461,0.625,0.25,1,0,0,0
215042,Katie Swan,0.022727272727272728,0.09090909090909091,0.6538461538461539,0,0.5,0.0,1,0,0,0
201508,Petra Cetkovska,0.06521739130434782,0.1956521739130435,0.6666666666666666,0,0.0,0.5,1,0,0,0
201547,Michelle Larcher De Brito,0.0,0.1044776119402985,0.5,0.8181818181818182,0.42857142857142855,0.7777777777777778,1,0,0,1
211279,Harriet Dart,0.0,0.05357142857142857,0.5,0,0.5625,0.4285714285714286,1,0,0,0
201443,Alexa Glatch,0.014705882352941176,0.04411764705882353,0.6285714285714286,0.7142857142857143,0.5,0.5,1,0,0,0
201462,Alberta Brianti,0.03333333333333333,0.016666666666666666,0.4594594594594595,0.8333333333333334,0.2857142857142857,0.6,1,0,0,0
201365,Edina Gallovits Hall,0.010101010101010102,0.0707070707070707,0.5428571428571428,1.0,0.5,0.625,1,0,0,0
214263,Catherine Cartan Bellis,0.03125,0.046875,0.7021276595744681,0,0.7142857142857143,0.16666666666666663,1,0,0,0
211651,Paula Badosa,0.0,0.0,0.4,0,0.5,0,1,0,0,0
202460,Ons Jabeur,0.017241379310344827,0.034482758620689655,0.8076923076923077,0.7142857142857143,0.0,0.41666666666666663,1,1,0,0
204377,Indy De Vroome,0.022727272727272728,0.13636363636363635,0.5862068965517241,0,0.2,0.0,1,0,0,0
212001,Natalia Vikhlyantseva,0.05154639175257732,0.07216494845360824,0.6612903225806451,0.7222222222222222,0.6363636363636364,0.5714285714285714,1,0,0,0
211321,Klaartje Liebens,0.01694915254237288,0.06779661016949153,0.5,0.6363636363636364,0.5454545454545454,0,1,0,0,0
201613,Arina Rodionova,0.04477611940298507,0.07462686567164178,0.5952380952380952,0.7272727272727273,0.7,0.0,1,0,0,0
201423,Yvonne Meusburger,0.0,0.1568627450980392,0.5,0,0.25,0.4,1,0,0,0
204411,Storm Sanders,0.046511627906976744,0.06976744186046512,0.5185185185185185,0.8461538461538461,0.5714285714285714,0.4,1,0,0,0
201578,Kai Chen Chang,0.017543859649122806,0.07017543859649122,0.4473684210526316,0,0.4,0.6666666666666667,1,0,0,0
201428,Mathilde Johansson,0.04918032786885246,0.06557377049180328,0.6333333333333333,0,0.2222222222222222,0.625,1,0,0,0
202706,Manon Arcangioli,0.0,0.05714285714285714,0.22727272727272727,0,0.0,1.0,1,0,0,0
211539,Fiona Ferro,0.0,0.01818181818181818,0.5365853658536586,0,0.0,1.0,1,0,0,0
203281,Amandine Hesse,0.10975609756097561,0.07317073170731707,0.6486486486486487,0.6666666666666666,0.6875,0.5384615384615384,1,0,1,0
202496,Samantha Crawford,0.037037037037037035,0.0,0.5172413793103449,0.9,0.375,0.5,1,0,0,0
201447,Vania King,0.016129032258064516,0.016129032258064516,0.5526315789473685,0,0.16666666666666666,0.5,1,0,0,0
201573,Laura Robson,0.07,0.12,0.7115384615384616,0.7142857142857143,0.6363636363636364,0.5,1,0,0,0
211222,Jamie Loeb,0.03508771929824561,0.07017543859649122,0.4482758620689655,0.5833333333333334,0.5,0,1,0,0,0
203530,Viktorija Golubic,0.011235955056179775,0.033707865168539325,0.5873015873015873,0.9285714285714286,0.5,0.25,1,0,0,0
202454,Erika Sema,0.0,0.03225806451612903,0.41304347826086957,0,0.631578947368421,0.33333333333333337,1,0,0,0
203504,Miyu Kato,0.0,0.01282051282051282,0.509090909090909,1.0,0.4444444444444444,0.6666666666666667,1,0,0,0
206289,Maria Sakkari,0.05,0.03333333333333333,0.5365853658536586,0,0.4444444444444444,0.25,1,0,0,0
204294,Su Jeong Jang,0.0,0.04597701149425287,0.6290322580645161,0,0.3333333333333333,0.3529411764705882,1,1,0,0
205815,Eri Hozumi,0.0,0.04,0.5223880597014925,0.9333333333333333,0.625,0.5833333333333333,1,0,0,0
211768,Naomi Osaka,0.0720457861070587,0.03624733475479744,0.6912253273402384,0.5137006057109893,0.5531135531135531,0.48258196721311475,140,65,9,10
211702,Nao Hibino,0.0,0.10714285714285714,0.59375,1.0,0.5,0.33333333333333337,1,0,0,0
213525,Jil Belen Teichmann,0.033707865168539325,0.07865168539325842,0.6428571428571429,0.5416666666666666,0.5555555555555556,0.75,1,0,1,0
215037,Kayla Day,0.0,0.09523809523809523,0.37037037037037035,0,0.3333333333333333,0.33333333333333337,1,0,0,0
211700,Barbora Stefkova,0.06481481481481481,0.027777777777777776,0.5833333333333334,0.9375,0.4166666666666667,0.4666666666666667,1,1,0,0
203398,Danielle Lao,0.0,0.01694915254237288,0.65,0.75,0.6666666666666666,1.0,1,1,0,0
202426,Julia Boserup,0.04878048780487805,0.07317073170731707,0.71875,0,0.3333333333333333,0.8571428571428572,1,1,0,0
201670,Amra Sadikovic,0.058823529411764705,0.0392156862745098,0.4117647058823529,0,0.14285714285714285,0.6666666666666667,1,0,0,0
201486,Aleksandra Wozniak,0.01904761904761905,0.12380952380952381,0.5428571428571428,0.9285714285714286,0.65,0.41666666666666663,1,0,0,0
206252,Barbora Krejcikova,0.017699115044247787,0.017699115044247787,0.6153846153846154,0.8888888888888888,0.5,0.4,1,0,0,0
206420,Ekaterina Alexandrova,0.10294117647058823,0.07352941176470588,0.6578947368421053,0.5789473684210527,0.6666666666666666,0.5714285714285714,1,1,0,0
201580,Xinyun Han,0.02702702702702703,0.04054054054054054,0.5476190476190477,0.8461538461538461,0.25,0.375,1,0,0,0
215064,Maria Mateas,0.0,0.1206896551724138,0.5476190476190477,0,0.3333333333333333,0.33333333333333337,1,0,0,0
206108,Jennifer Brady,0.0,0.06481481481481481,0.6727272727272727,0.5,0.6,0.25,1,0,0,0
201534,Asia Muhammed,0.02247191011235955,0.056179775280898875,0.6071428571428571,0.9375,0.14285714285714285,0.41666666666666663,1,0,0,0
202478,Tara Moore,0.07042253521126761,0.056338028169014086,0.6829268292682927,0.9166666666666666,0.625,0.19999999999999996,1,0,0,0
213899,Frances Altick,0.0,0.0,0.5454545454545454,0,0.6923076923076923,0.19999999999999996,1,0,0,0
204246,Lesley Kerkhove,0.023255813953488372,0.13953488372093023,0.4074074074074074,0,0.14285714285714285,0.25,1,0,0,0
206075,Hiroko Kuwata,0.034482758620689655,0.017241379310344827,0.5405405405405406,0,0.4444444444444444,1.0,1,0,0,0
214534,Komola Umarova,0.0,0.16326530612244897,0.47058823529411764,0,0.4,0.4,1,0,0,0
202701,Irina Khromacheva,0.021052631578947368,0.07368421052631578,0.75,0.7,0.5555555555555556,0.6,1,1,0,0
215035,Dayana Yastremska,0.043478260869565216,0.08695652173913043,0.6857142857142857,1.0,0.5454545454545454,0.25,1,0,0,0
201674,Sabina Sharipova,0.0,0.05303030303030303,0.5633802816901409,0.6923076923076923,0.6666666666666666,0.6153846153846154,1,0,0,0
202410,Sofia Shapatava,0.017241379310344827,0.034482758620689655,0.7058823529411765,0.9,0.6666666666666666,0.5,1,1,0,0
206146,Catalina Pella,0.04807692307692308,0.08653846153846154,0.6875,0.8823529411764706,0.5833333333333334,0.5,1,0,1,0
214312,Sherazad Reix,0.03076923076923077,0.046153846153846156,0.7446808510638298,0,0.4,0.4444444444444444,1,0,1,0
215306,Emiliana Arango,0.02857142857142857,0.14285714285714285,0.5238095238095238,0,0.2857142857142857,0.0,1,0,0,0
206433,Nadia Echeverria Alam,0.08,0.14,0.5833333333333334,1.0,0.4444444444444444,0,1,0,0,0
202858,Anne Schaefer,0.014285714285714285,0.05714285714285714,0.4782608695652174,0.75,0.6,0.4285714285714286,1,0,1,0
203564,Chloe Paquet,0.08235294117647059,0.09411764705882353,0.5833333333333334,0.8125,0.5714285714285714,0.4,1,0,0,0
206037,Daniela Seguel,0.011627906976744186,0.023255813953488372,0.5161290322580645,0,0.5333333333333333,0.5555555555555556,1,0,0,0
202424,Conny Perrin,0.08536585365853659,0.024390243902439025,0.6792452830188679,0.7857142857142857,0.6666666666666666,0.6,1,0,1,0
201618,Fatma Al Nabhani,0.023255813953488372,0.09302325581395349,0.4090909090909091,1.0,0.4,0.0,1,0,0,0
204429,Ghita Benhadi,0.0,0.05555555555555555,0.2608695652173913,0,0.14285714285714285,0.25,1,0,0,0
215020,Anna Blinkova,0.0196078431372549,0.058823529411764705,0.5172413793103449,0,0.4,0.5,1,0,0,0
214646,Xiaodi You,0.022727272727272728,0.0,0.45454545454545453,0,0.25,0.19999999999999996,1,0,0,0
211719,Shilin Xu,0.023255813953488372,0.11627906976744186,0.5833333333333334,0,0.0,0.0,1,0,0,0
212026,Kwan Yau Ng,0.0,0.1111111111111111,0.6923076923076923,0.6363636363636364,0.5454545454545454,0.0,1,0,0,0
212034,Fang Ying Xun,0.04477611940298507,0.07462686567164178,0.6774193548387096,0.6428571428571429,0.5555555555555556,0.25,1,0,0,0
211216,Cristiana Ferrando,0.0,0.057692307692307696,0.6176470588235294,0.9,0.5,1.0,1,0,0,0
202622,Lyudmyla Kichenok,0.0136986301369863,0.0821917808219178,0.6153846153846154,0.8333333333333334,0.5,0.25,1,0,0,0
204291,Na Lae Han,0.0,0.08620689655172414,0.46153846153846156,0.6428571428571429,0.375,0.5,1,0,0,0
201565,Katarzyna Piter,0.0,0.07692307692307693,0.5,1.0,0.2857142857142857,0.33333333333333337,1,0,0,0
202502,So Ra Lee,0.0,0.07246376811594203,0.5277777777777778,0.5555555555555556,0.5,1.0,1,0,0,0
213767,Ayla Aksu,0.016666666666666666,0.05,0.6896551724137931,0.6923076923076923,0.5714285714285714,0.33333333333333337,1,0,0,0
211874,Victoria Rodriguez,0.0425531914893617,0.02127659574468085,0.4411764705882353,0,0.3333333333333333,0.5,1,0,0,0
201667,Ling Zhang,0.04,0.08,0.5483870967741935,0,0.375,0.16666666666666663,1,0,0,0
210957,Cornelia Lister,0.011235955056179775,0.0898876404494382,0.5357142857142857,0.8125,0.45454545454545453,0.41666666666666663,1,0,0,0
214040,Kimberly Birrell,0.05263157894736842,0.0,0.6590909090909091,0.9,1.0,0.5,1,1,0,0
213666,Maddison Inglis,0.017543859649122806,0.03508771929824561,0.48484848484848486,1.0,0.25,0.5,1,0,0,0
201679,Varatchaya Wongteanchai,0.0,0.0,0.40625,1.0,0.5454545454545454,0,1,0,0,0
215155,Olesya Pervushina,0.07608695652173914,0.10869565217391304,0.625,0.7777777777777778,0.25,1.0,1,0,0,0
203553,Riko Sawayanagi,0.01694915254237288,0.11864406779661017,0.5428571428571428,0,0.4,0.30000000000000004,1,0,0,0
202458,Ashleigh Barty,0.07416020671834625,0.043798449612403104,0.7098512610476396,0.5650909090909091,0.5803030303030303,0.4571106094808126,117,52,9,20
202379,Chieh Yu Hsu,0.029411764705882353,0.04411764705882353,0.6578947368421053,1.0,0.5,0.19999999999999996,1,0,0,0
203435,Dalila Jakupovic,0.03278688524590164,0.03278688524590164,0.675,0.7692307692307693,0.0,0.36363636363636365,1,1,0,0
202693,Ya Hsuan Lee,0.03076923076923077,0.0,0.6052631578947368,0.8181818181818182,0.6363636363636364,1.0,1,0,0,0
210926,Pei Chi Lee,0.015873015873015872,0.06349206349206349,0.6,0.7272727272727273,0.5454545454545454,0.0,1,0,0,0
211846,Kyoka Okamura,0.0,0.018867924528301886,0.6060606060606061,0,0.2857142857142857,0.6666666666666667,1,0,0,0
206368,Veronika Kudermetova,0.06451612903225806,0.08064516129032258,0.6923076923076923,0,0.5714285714285714,0.3846153846153846,1,1,0,0
203576,Kai Lin Zhang,0.0,0.05747126436781609,0.7241379310344828,0,0.375,0.375,1,1,0,0
210931,Ching Wen Hsu,0.06451612903225806,0.04838709677419355,0.7647058823529411,0.9,0.0,0.0,1,0,0,0
206007,Laura Pigossi,0.010869565217391304,0.043478260869565216,0.6666666666666666,0.875,0.4444444444444444,0.6666666666666667,1,0,0,0
211920,Martina Capurro Taborda,0.0,0.039473684210526314,0.5,0.5714285714285714,0.6,0,1,0,0,0
201399,Emily Webley Smith,0.041666666666666664,0.10416666666666667,0.4,0.7777777777777778,0.5384615384615384,0.33333333333333337,1,0,0,0
206408,Nadia Podoroska,0.0392156862745098,0.0392156862745098,0.640625,0.9375,0.5384615384615384,0.5,1,0,0,0
213887,Renata Zarazua,0.016129032258064516,0.016129032258064516,0.5,0,0.6363636363636364,0.6,1,0,0,0
202695,Aleksandrina Naydenova,0.01818181818181818,0.05454545454545454,0.4594594594594595,0,0.45454545454545453,0.75,1,0,0,0
202445,Valeria Solovieva,0.0,0.07462686567164178,0.5,1.0,0.45454545454545453,0.33333333333333337,1,0,0,0
214158,Anastasiya Shoshyna,0.0,0.08695652173913043,0.5405405405405406,0.9,0.5714285714285714,0.5,1,0,0,0
202688,Isabella Shinikova,0.019417475728155338,0.02912621359223301,0.5737704918032787,0.625,0.6666666666666666,0.5,1,0,0,0
211063,Valeriya Strakhova,0.05555555555555555,0.018518518518518517,0.4857142857142857,0,0.25,0.5,1,0,0,0
214304,Vera Lapko,0.041666666666666664,0.013888888888888888,0.5581395348837209,0.8181818181818182,0.5833333333333334,1.0,1,0,0,0
206335,Jesika Maleckova,0.02531645569620253,0.0379746835443038,0.5384615384615384,0.8333333333333334,0.5833333333333334,0.6,1,0,0,0
214081,Katharina Hobgarski,0.0,0.09259259259259259,0.41025641025641024,1.0,0.6875,0.25,1,0,0,0
213537,Olga Fridman,0.010101010101010102,0.050505050505050504,0.5416666666666666,0,0.46153846153846156,0.2666666666666667,1,0,0,0
202626,Stephanie Vogt,0.0,0.02531645569620253,0.5660377358490566,1.0,0.4444444444444444,0.3076923076923077,1,0,0,0
214818,Mira Antonitsch,0.06557377049180328,0.04918032786885246,0.6060606060606061,0.8181818181818182,0.4444444444444444,0.4,1,0,0,0
212044,Katharina Gerlach,0.0,0.05084745762711865,0.4772727272727273,0,0.5,0.16666666666666663,1,0,0,0
201454,Akgul Amanmuradova,0.0,0.0,0.61,0,0.5714285714285714,1.0,1,0,0,0
211736,Ivana Jorovic,0.011494252873563218,0.04597701149425287,0.5769230769230769,0.6111111111111112,0.42857142857142855,1.0,1,1,0,0
201448,Galina Voskoboeva,0.0,0.05454545454545454,0.5161290322580645,0,0.3,0.5,1,0,0,0
211227,Lina Gjorcheska,0.02127659574468085,0.0425531914893617,0.5714285714285714,0,0.25,0.25,1,0,0,0
211337,Tamara Korpatsch,0.0,0.07792207792207792,0.6595744680851063,0.8333333333333334,0.6,0.375,1,1,0,0
200083,Alexandra Stevenson,0.09345794392523364,0.11214953271028037,0.8333333333333334,0.75,0.7857142857142857,0.4285714285714286,1,0,0,0
202456,Alexandra Cadantu,0.0375,0.0875,0.6078431372549019,0,0.2857142857142857,0.33333333333333337,1,0,0,0
210722,Elise Mertens,0.045470007937407866,0.055108288921646445,0.6417716827279466,0.5292908530318602,0.5598039215686275,0.483249581239531,129,46,29,8
211685,Rebecca Sramkova,0.11666666666666667,0.11666666666666667,0.6521739130434783,0.5555555555555556,0.25,0,1,0,0,0
201701,Basak Eraydin,0.0,0.07894736842105263,0.42857142857142855,0,0.0,1.0,1,0,0,0
211411,Nina Stojanovic,0.015873015873015872,0.06349206349206349,0.55,0,0.375,0.33333333333333337,1,0,0,0
203578,Fangzhou Liu,0.18421052631578946,0.039473684210526314,0.8048780487804879,0.6666666666666666,0.6,0.5,1,0,0,0
202659,Tereza Mrdeza,0.0,0.056338028169014086,0.5111111111111111,0,0.5,0.625,1,0,0,0
202508,Yuxuan Zhang,0.033707865168539325,0.07865168539325842,0.6410256410256411,0.6521739130434783,0.46153846153846156,0.4285714285714286,1,0,0,0
213821,Wushuang Zheng,0.047619047619047616,0.047619047619047616,0.5384615384615384,0,0.4444444444444444,0.33333333333333337,1,0,0,0
201582,Jing Jing Lu,0.019230769230769232,0.08653846153846154,0.5454545454545454,0.6363636363636364,0.5625,0.4285714285714286,1,0,0,0
213947,Ying Zhang,0.05555555555555555,0.05555555555555555,0.84,0.5,1.0,1.0,1,1,0,0
204223,Peangtarn Plipuech,0.058823529411764705,0.0196078431372549,0.7666666666666667,0,0.25,0.0,1,0,0,0
203288,Jia Jing Lu,0.027522935779816515,0.11926605504587157,0.65625,0.85,0.6842105263157895,0.5384615384615384,1,1,0,0
214487,Ioana Minca,0.030612244897959183,0.09183673469387756,0.5614035087719298,0.6666666666666666,0.7058823529411765,0.4,1,0,0,0
211817,Elena Gabriela Ruse,0.0,0.04938271604938271,0.5833333333333334,0.625,0.5,0.16666666666666663,1,0,0,0
210672,Polina Leykina,0.009345794392523364,0.037383177570093455,0.5901639344262295,0.7647058823529411,0.5,0.5384615384615384,1,0,1,0
202497,Victoria Duval,0.0,0.08928571428571429,0.48484848484848486,0,0.5384615384615384,0.5,1,0,0,0
212043,Freya Christie,0.09523809523809523,0.047619047619047616,0.5555555555555556,0.9,0.7272727272727273,0.0,1,0,0,0
214954,Marketa Vondrousova,0.03000857387825093,0.08173763932552158,0.656813627254509,0.5696619950535862,0.5567282321899736,0.4537037037037037,48,15,9,0
203489,Hao Chen Tang,0.0,0.09523809523809523,0.42105263157894735,0.875,0.16666666666666666,0.0,1,0,0,0
211351,Ayaka Okuno,0.0594059405940594,0.0297029702970297,0.6122448979591837,0.9375,0.55,0.6666666666666667,1,0,0,0
201617,Ana Vrljic,0.0,0.18604651162790697,0.6,0,0.0,0.2857142857142857,1,0,0,0
211329,Tena Lukas,0.015873015873015872,0.06349206349206349,0.5151515151515151,1.0,0.3333333333333333,0.23076923076923073,1,0,0,0
202438,Ani Mijacika,0.01818181818181818,0.01818181818181818,0.5135135135135135,0,0.2222222222222222,0.5714285714285714,1,0,0,0
206277,Marine Partaud,0.0,0.18421052631578946,0.5,0,0.2857142857142857,0.25,1,0,0,0
214119,Rebeka Masarova,0.047619047619047616,0.011904761904761904,0.5576923076923077,0.7647058823529411,0.2857142857142857,0.5,1,0,1,0
200067,Patty Schnyder,0.00909090909090909,0.02727272727272727,0.546875,0.7894736842105263,0.6666666666666666,0.5714285714285714,1,0,0,0
201561,Claire Feuerstein,0.024390243902439025,0.04878048780487805,0.7058823529411765,0.6875,0.8571428571428571,0.5,1,0,1,0
202614,Jacqueline Cako,0.03076923076923077,0.015384615384615385,0.8,0.7142857142857143,0.75,0.6666666666666667,1,1,0,0
214562,Ingrid Neel,0.02127659574468085,0.06382978723404255,0.5185185185185185,0,0.0,0.4,1,0,0,0
204342,Nan Nan Zhang,0.0,0.03125,0.46296296296296297,0,0.375,0.5,1,0,0,0
213672,Usue Maitane Arconada,0.014084507042253521,0.056338028169014086,0.475,0.5882352941176471,0.6428571428571429,0.4444444444444444,1,1,0,0
214261,Michaela Gordon,0.0,0.06666666666666667,0.4117647058823529,0.5714285714285714,0.5,0.0,1,0,0,0
214541,Fanny Stollar,0.013157894736842105,0.05263157894736842,0.6052631578947368,0.6,0.5833333333333334,0.4,1,0,0,0
203389,Danielle Rose Collins,0.0,0.06666666666666667,0.7777777777777778,0.8571428571428571,0.0,0.8,1,1,0,0
202639,Akiko Omae,0.017543859649122806,0.017543859649122806,0.6060606060606061,0.7272727272727273,0.5714285714285714,0,1,0,0,0
214219,Tessah Andrianjafitrimo,0.0,0.047619047619047616,0.3448275862068966,0,0.25,0.0,1,0,0,0
202707,Myrtille Georges,0.011627906976744186,0.06976744186046512,0.5882352941176471,0.875,0.375,0.5882352941176471,1,0,1,0
206391,Ellen Perez,0.05263157894736842,0.13157894736842105,0.42857142857142855,0.875,0.16666666666666666,0.0,1,0,0,0
213550,Sofia Kenin,0.0209351011863224,0.05687369155617585,0.6287234042553191,0.5518518518518518,0.5185185185185185,0.4650455927051672,40,16,0,4
211880,Priscilla Hon,0.04,0.02,0.41379310344827586,0.875,0.45454545454545453,0.5,1,0,0,0
203526,Tammi Patterson,0.0,0.06896551724137931,0.6857142857142857,0.8888888888888888,0.6666666666666666,0,1,0,0,0
214863,Sofya Zhuk,0.05454545454545454,0.07272727272727272,0.4857142857142857,0.8,0.375,0.0,1,0,0,0
202606,Claudia Giovine,0.06349206349206349,0.09523809523809523,0.6111111111111112,0,0.4444444444444444,1.0,1,0,0,0
213646,Dalma Galfi,0.05660377358490566,0.03773584905660377,0.6363636363636364,0.7692307692307693,0.625,0.16666666666666663,1,0,0,0
214939,Anna Kalinskaya,0.03773584905660377,0.03773584905660377,0.6060606060606061,1.0,0.4444444444444444,1.0,1,0,0,0
202491,Varvara Flink,0.07042253521126761,0.014084507042253521,0.5476190476190477,0.7333333333333333,0.5833333333333334,0.5,1,0,0,0
201476,Lauren Albanese,0.03508771929824561,0.03508771929824561,0.631578947368421,0.6428571428571429,0.375,0.5,1,0,0,0
211208,Ho Ching Wu,0.22580645161290322,0.1935483870967742,0.9090909090909091,0.42857142857142855,0,0.8571428571428572,1,1,0,0
216489,Malak Jasim Fardan,0.0,0.25,0.2,0,0.14285714285714285,0,1,0,0,0
215860,Nazli Nader Redha,0.0,0.32142857142857145,0.18181818181818182,0,0.0,0,1,0,0,0
214229,Man Ying Maggie Ng,0.0,0.10256410256410256,0.8888888888888888,0.5384615384615384,0,0.3846153846153846,1,1,0,0
214621,Sadaf Sadeghvaziri,0.014285714285714285,0.15714285714285714,0.4888888888888889,0.6363636363636364,0.6153846153846154,0,1,0,0,0
215108,Sara Amiri,0.029850746268656716,0.1044776119402985,0.6216216216216216,0,0.125,0.5,1,0,0,0
214905,Abigail Tere Apisah,0.009900990099009901,0.04950495049504951,0.5909090909090909,0.9333333333333333,0.6153846153846154,0.5454545454545454,1,1,0,0
210871,Steffi Carruthers,0.0,0.08333333333333333,0.4666666666666667,0.8333333333333334,0.25,0.25,1,0,0,0
215861,Maram Mohamed Sharif,0.0,0.0967741935483871,0.15,0,0.0,1.0,1,0,0,0
215857,Khim Iglupas,0.1111111111111111,0.037037037037037035,0.8823529411764706,0.6666666666666666,0,1.0,1,1,0,0
210046,Anna Clarice Patrimonio,0.04,0.0,0.9411764705882353,0.75,0,0.8571428571428572,1,1,0,0
206424,Katharina Lehnert,0.0,0.08,0.7222222222222222,0,0.7142857142857143,0.46153846153846156,1,1,0,0
215859,Mayka Zima,0.1111111111111111,0.05555555555555555,0.75,0.4,1.0,0.75,1,1,0,0
221811,Ayana Rengiil,0.02857142857142857,0.05714285714285714,0.8461538461538461,0,0,0.8571428571428572,1,1,0,0
202645,Jessy Rompies,0.044444444444444446,0.06666666666666667,0.7727272727272727,0.46153846153846156,1.0,0.75,1,1,0,0
214471,Alina Lazareva,0.0,0.09523809523809523,0.2857142857142857,0,0.25,0.0,1,0,0,0
205344,Beatrice Gumulya,0.037037037037037035,0.0,0.9,1.0,0,0.8571428571428572,1,1,0,0
216462,Nelli Buyuklianova,0.030303030303030304,0.12121212121212122,0.35,0,0.14285714285714285,0,1,0,0,0
202365,Lavinia Tananta,0.0,0.03333333333333333,0.75,0.7777777777777778,0,0.8571428571428572,1,1,0,0
216475,Nurin Nabilah Roslan,0.0,0.11764705882352941,0.25,0,0.14285714285714285,0,1,0,0,0
210174,Sarah Mahboob Khan,0.0,0.08771929824561403,0.3870967741935484,0.6363636363636364,0.45454545454545453,1.0,1,0,0,0
210166,Sara Mansoor,0.0,0.03125,0.10526315789473684,0,0.3333333333333333,0,1,0,0,0
215858,Charmaine Shi Yi Seah,0.047058823529411764,0.058823529411764705,0.5581395348837209,0.6666666666666666,0.2857142857142857,0.2941176470588235,1,1,0,0
211234,Deria Nur Haliza,0.0,0.018018018018018018,0.5238095238095238,0.8666666666666667,0.7058823529411765,0.7142857142857143,1,0,0,0
210740,Stefanie Tan,0.0,0.037037037037037035,0.5862068965517241,0,0.7142857142857143,0.6666666666666667,1,1,0,0
212244,Amreetha Muttiah,0.022727272727272728,0.022727272727272728,0.5,0,0.42857142857142855,0.0,1,0,0,0
214617,Nethmi Himashi Waduge,0.0,0.20588235294117646,0.4,0,0.3333333333333333,0.0,1,0,0,0
204362,Theiviya Selvarajoo,0.02,0.02,0.6774193548387096,0.8,0.5,0.5454545454545454,1,1,0,0
210173,Ushna Suhail,0.0,0.14285714285714285,0.3333333333333333,0,0.14285714285714285,0.33333333333333337,1,0,0,0
214616,Medhira Samarasinghe,0.0,0.037037037037037035,0.4473684210526316,0,0.3333333333333333,0.5,1,0,0,0
221813,Ashley Kei Yim,0.0,0.03389830508474576,0.5769230769230769,0.47368421052631576,0.625,0.46153846153846156,1,1,0,0
221812,Yee Loon Goh,0.0,0.1875,0.38461538461538464,1.0,0.5,0.18181818181818177,1,0,0,0
214770,Emilie Francati,0.057692307692307696,0.17307692307692307,0.8181818181818182,0.5,0.8333333333333334,0.6666666666666667,1,0,1,0
215723,Monica Malinen,0.0,0.15555555555555556,0.4482758620689655,0,0.3333333333333333,0.16666666666666663,1,0,0,0
202471,Karen Barbat,0.0,0.0,0.88,0.7272727272727273,0,0.8,1,0,1,0
211288,Mia Nicole Eklund,0.043478260869565216,0.10869565217391304,0.5238095238095238,0.7,0.2,0,1,0,0,0
220395,Iveta Daujotaite,0.0,0.01818181818181818,0.6428571428571429,0.47058823529411764,0.8571428571428571,0.8333333333333334,1,0,1,0
210439,Ella Leivo,0.0,0.037037037037037035,0.4722222222222222,0,0.16666666666666666,0.1428571428571429,1,0,0,0
215869,Paulina Bakaite,0.008695652173913044,0.09565217391304348,0.6756756756756757,0,0.5454545454545454,0.33333333333333337,1,0,1,0
202619,Ema Burgic,0.0,0.06329113924050633,0.6222222222222222,0.7857142857142857,0.375,0.5384615384615384,1,0,1,0
211814,Julia Grabher,0.0136986301369863,0.0821917808219178,0.5476190476190477,0.9166666666666666,0.46153846153846156,0.625,1,0,0,0
211296,Dea Herdzelas,0.0,0.08620689655172414,0.43333333333333335,0,0.38461538461538464,0.4444444444444444,1,0,0,0
215870,Dona Abo Habaga,0.0,0.2631578947368421,0.47058823529411764,0,0.3,0.5,1,0,0,0
211529,Sandra Samir,0.0,0.057692307692307696,0.5625,0,0.3333333333333333,0.25,1,0,0,0
213974,Lamis Alhussein Abdel Aziz,0.0,0.05172413793103448,0.5151515151515151,0.7,0.6153846153846154,0.0,1,0,0,0
210303,Kathinka Von Deichmann,0.0,0.047619047619047616,0.49056603773584906,0,0.2727272727272727,0.8888888888888888,1,0,1,0
215868,Gerda Zykute,0.0,0.02857142857142857,0.18181818181818182,0,0.2222222222222222,0.33333333333333337,1,0,0,0
213878,Milka Emilia Pasanen,0.0,0.16176470588235295,0.5714285714285714,0.5,0.42857142857142855,0.25,1,0,0,0
213544,Jana Fett,0.047619047619047616,0.14285714285714285,0.7096774193548387,0.9166666666666666,0.375,0.25,1,0,0,0
202596,Mihaela Buzarnescu,0.03383374411830607,0.045709164239300916,0.6327182398864443,0.5544692737430168,0.55625,0.43434343434343436,64,16,14,9
214149,Viktoria Kuzmova,0.015625,0.078125,0.5555555555555556,0.4166666666666667,0.3333333333333333,0.3846153846153846,1,1,0,0
202600,Viktoriya Tomova,0.050505050505050504,0.0,0.6875,0,0.6666666666666666,0.16666666666666663,1,1,0,0
214452,Caroline Dolehide,0.0625,0.0625,0.75,0.5714285714285714,0,0.6666666666666667,1,1,0,0
214697,Charlotte Robillard Millette,0.057692307692307696,0.11538461538461539,0.7272727272727273,0,0.3333333333333333,0,1,0,0,0
215018,Destanee Aiava,0.038461538461538464,0.057692307692307696,0.7619047619047619,0.8235294117647058,0.875,0.33333333333333337,1,0,0,0
215370,Bianca Andreescu,0.04174757281553398,0.05436893203883495,0.6373983739837399,0.601123595505618,0.5363636363636364,0.5533980582524272,15,8,0,0
201529,Kristie Ahn,0.046511627906976744,0.06976744186046512,0.5,0.65,0.5,0.3571428571428571,1,0,0,0
214906,Claire Liu,0.009615384615384616,0.0,0.4745762711864407,0.7142857142857143,0.5294117647058824,0.5384615384615384,1,0,0,0
214544,Aryna Sabalenka,0.05878303964757709,0.05713105726872247,0.691190036900369,0.5567545963229417,0.6147540983606558,0.4377358490566038,95,52,4,8
211878,Lizette Cabrera,0.027777777777777776,0.05555555555555555,0.627906976744186,0,0.5833333333333334,0.375,1,0,0,0
215748,Alyssa Mayo,0.0,0.13157894736842105,0.2777777777777778,0,0.125,0.2857142857142857,1,0,0,0
206354,Lina Qostal,0.02040816326530612,0.1836734693877551,0.5,0.7777777777777778,0.45454545454545453,0.0,1,0,0,0
211148,Jasmine Paolini,0.0,0.06666666666666667,0.5428571428571428,0.4666666666666667,0.7222222222222222,0,1,0,0,0
214386,Xinyu Gao,0.0136986301369863,0.0410958904109589,0.48936170212765956,0.7142857142857143,0.5,0.75,1,0,0,0
211095,Bernarda Pera,0.030927835051546393,0.09278350515463918,0.5370370370370371,0.9285714285714286,0.3076923076923077,0.4,1,0,0,0
214096,Karolina Muchova,0.034482758620689655,0.05747126436781609,0.5925925925925926,0,0.36363636363636365,0.36363636363636365,1,0,0,0
215290,Katarina Zavatska,0.0,0.0875,0.6666666666666666,0.6842105263157895,0.5,0.4,1,0,0,0
205606,Viktoria Kamenskaya,0.0,0.03529411764705882,0.5254237288135594,1.0,0.7,0.4285714285714286,1,0,0,0
210705,Irina Maria Bara,0.0,0.061224489795918366,0.4935064935064935,0,0.6111111111111112,0.4,1,0,0,0
214405,Mirjam Bjorklund,0.008771929824561403,0.02631578947368421,0.5147058823529411,0.75,0.6,0.5384615384615384,1,0,0,0
203354,Martina Trevisan,0.0,0.016129032258064516,0.5102040816326531,0,0.2857142857142857,0.5,1,0,0,0
213674,Jade Lewis,0.0,0.013888888888888888,0.49019607843137253,0,0.3333333333333333,0.33333333333333337,1,0,0,0
215096,Jaimee Fourlis,0.0,0.04938271604938271,0.6226415094339622,0.6875,0.7,1.0,1,0,0,0
205723,Anna Zaja,0.046296296296296294,0.09259259259259259,0.6491228070175439,0.6086956521739131,0.6666666666666666,0.30000000000000004,1,0,0,0
214247,Lena Rueffer,0.08196721311475409,0.06557377049180328,0.5,0.75,0.4444444444444444,0.6666666666666667,1,0,0,0
211843,Anhelina Kalinina,0.012195121951219513,0.036585365853658534,0.6153846153846154,0.5217391304347826,0.6666666666666666,0.4285714285714286,1,1,0,0
203572,Polina Monova,0.0,0.02127659574468085,0.6,0.7272727272727273,0.5,0.7777777777777778,1,1,0,0
215337,Olga Danilovic,0.03636363636363636,0.03636363636363636,0.7333333333333333,0.6923076923076923,0.6,0.7142857142857143,1,1,0,0
211316,Jessika Ponchet,0.08974358974358974,0.02564102564102564,0.8478260869565217,0.9166666666666666,0.8571428571428571,0.4285714285714286,1,1,0,0
206216,Olga Saez Larra,0.0,0.010416666666666666,0.6153846153846154,0.7222222222222222,0.5384615384615384,0.5555555555555556,1,0,0,0
203315,Alexa Guarachi,0.015384615384615385,0.03076923076923077,0.6,0,0.5,0.30000000000000004,1,0,0,0
202422,Shuko Aoyama,0.0,0.07936507936507936,0.46511627906976744,0,0.1111111111111111,0.6,1,0,0,0
204394,Valentini Grammatikopoulou,0.0,0.0660377358490566,0.6268656716417911,0,0.5625,0.33333333333333337,1,0,0,0
216016,Xiyu Wang,0.0,0.0136986301369863,0.6326530612244898,0.9166666666666666,0.5,0.5555555555555556,1,1,0,0
215250,Hanyu Guo,0.013888888888888888,0.027777777777777776,0.5849056603773585,0,0.5714285714285714,1.0,1,0,0,0
214608,Jia Qi Kang,0.0,0.057971014492753624,0.5625,0.8333333333333334,0.46153846153846156,0.5,1,0,0,0
211713,Jaqueline Adina Cristian,0.09090909090909091,0.0707070707070707,0.7818181818181819,0.6666666666666666,0.6666666666666666,0.2666666666666667,1,0,1,0
216062,Meiling Wang,0.0,0.027777777777777776,0.5510204081632653,0.8,0.5555555555555556,0.8333333333333334,1,1,0,0
206294,Yue Yuan,0.012345679012345678,0.012345679012345678,0.5454545454545454,0,0.3,0.5,1,0,0,0
216328,Yanin Wisitwarapron,0.0,0.11538461538461539,0.0625,0,0.0,0.0,1,0,0,0
213828,Chompoothip Jandakate,0.0,0.0,0.4864864864864865,0,0.2,0.0,1,0,0,0
211765,Emina Bektas,0.018518518518518517,0.037037037037037035,0.5294117647058824,0,0.16666666666666666,0,1,0,0,0
205892,Giuliana Olmos,0.03278688524590164,0.03278688524590164,0.4888888888888889,0,0.5454545454545454,0,1,0,0,0
201671,Ksenia Lykina,0.009615384615384616,0.038461538461538464,0.6493506493506493,0,0.6,0.4545454545454546,1,1,0,0
201384,Chia Jung Chuang,0.037037037037037035,0.09259259259259259,0.7037037037037037,0.7142857142857143,0.25,0.5,1,0,1,0
214461,Tamara Zidansek,0.015873015873015872,0.06349206349206349,0.46511627906976744,0.9090909090909091,0.5,0.75,1,0,0,0
206144,Xenia Knoll,0.020833333333333332,0.16666666666666666,0.8333333333333334,0.8888888888888888,0.3333333333333333,0.0,1,0,0,0
206106,Prarthana G Thombare,0.0,0.03333333333333333,0.14285714285714285,0,0.0,0,1,0,0,0
215750,Ana Biskic,0.02,0.22,0.5483870967741935,0,0.5,0.5,1,0,0,0
216153,Amanda Anisimova,0.025,0.075,0.7407407407407407,1.0,0.8333333333333334,0.5454545454545454,1,1,0,0
206077,Miharu Imanishi,0.0,0.02,0.55,0,0.3333333333333333,0.6666666666666667,1,1,0,0
215550,Ayano Shimizu,0.0,0.05,0.34782608695652173,0,0.3333333333333333,0.6666666666666667,1,0,0,0
213530,Allie Kiick,0.031746031746031744,0.07936507936507936,0.6511627906976745,0,0.5555555555555556,0.4,1,1,0,0
214684,Katherine Sebov,0.0,0.0273972602739726,0.6444444444444445,0.8666666666666667,0.5555555555555556,0.5,1,0,0,0
211844,Haruka Kaji,0.02040816326530612,0.08163265306122448,0.36363636363636365,0,0.3,0.4444444444444444,1,0,0,0
220582,Taysia Rogers,0.03225806451612903,0.16129032258064516,0.375,0,0.2857142857142857,0.0,1,0,0,0
202919,Chang Liu,0.010869565217391304,0.06521739130434782,0.5517241379310345,0,0.4,0.5454545454545454,1,0,0,0
202921,Shiho Akita,0.015151515151515152,0.07575757575757576,0.7142857142857143,0.5625,0.75,0.6666666666666667,1,1,0,0
206349,Mayo Hibi,0.017543859649122806,0.0,0.5384615384615384,0,0.3333333333333333,0.25,1,0,0,0
214694,Karman Thandi,0.06521739130434782,0.08695652173913043,0.7307692307692307,0,0.3333333333333333,0.5,1,0,0,0
215163,Zeel Desai,0.0,0.06779661016949153,0.46153846153846156,1.0,0.6,0.33333333333333337,1,0,0,0
206102,Ankita Raina,0.015625,0.0,0.625,0,0.2,0.4,1,1,0,0
206136,Deniz Khazaniuk,0.017857142857142856,0.0,0.5714285714285714,0,0.4,0.6,1,1,0,0
206105,Rutuja Bhosale,0.0196078431372549,0.058823529411764705,0.3783783783783784,0,0.4,0.6,1,0,0,0
202457,Bibiane Schoofs,0.02531645569620253,0.05063291139240506,0.6666666666666666,0.9166666666666666,0.5,0.25,1,0,0,0
211107,Katie Boulter,0.06896551724137931,0.022988505747126436,0.68,0.0,0.4444444444444444,0.5,1,0,0,0
215713,Anastasia Potapova,0.023809523809523808,0.023809523809523808,0.47368421052631576,0.0,0.375,0.5,1,0,0,0
219434,Brienne Minor,0.016666666666666666,0.18333333333333332,0.5161290322580645,0.0,0.3,0.6,1,0,0,0
214728,Ashley Kratzer,0.02127659574468085,0.1276595744680851,0.35714285714285715,0.0,0.5384615384615384,1.0,1,0,0,0
211328,Deborah Chiesa,0.017241379310344827,0.017241379310344827,0.5277777777777778,1.0,0.16666666666666666,0.19999999999999996,1,0,0,0
204267,Petra Krejsova,0.05555555555555555,0.018518518518518517,0.813953488372093,0,0.0,0.375,1,0,0,1
214981,Elena Rybakina,0.023255813953488372,0.023255813953488372,0.5094339622641509,0.6842105263157895,0.5384615384615384,0.5,1,0,0,0
203584,Adriana Perez,0.08928571428571429,0.07142857142857142,0.6571428571428571,0.7692307692307693,0.5,0.36363636363636365,1,1,0,0
215340,Hortencia Birnbaumer,0.06493506493506493,0.06493506493506493,0.6410256410256411,0.5882352941176471,0.6363636363636364,0.5,1,0,0,0
210138,Noelia Zeballos,0.05,0.1125,0.5192307692307693,1.0,0.5384615384615384,0.5,1,0,0,0
202900,Maria Fernanda Alvarez Teran,0.05172413793103448,0.13793103448275862,0.7931034482758621,0.8888888888888888,0.5,0.0,1,0,0,0
206387,Aymet Uzcategui,0.0,0.13157894736842105,0.5434782608695652,1.0,0.3333333333333333,0.4285714285714286,1,0,0,0
206344,Fernanda Brito,0.017241379310344827,0.08620689655172414,0.5357142857142857,0.7,0.6153846153846154,0.0,1,0,0,0
215785,Maria Camila Osorio Serrano,0.0,0.07407407407407407,0.48484848484848486,1.0,0.6153846153846154,0.1428571428571429,1,0,0,0
211903,Barbara Gatica,0.012048192771084338,0.04819277108433735,0.5714285714285714,0.9166666666666666,0.5714285714285714,0.4285714285714286,1,0,0,0
206410,Guadalupe Perez Rojas,0.018867924528301886,0.03773584905660377,0.4827586206896552,0.8888888888888888,0.6,0.33333333333333337,1,0,0,0
205789,Na Ri Kim,0.0,0.07017543859649122,0.6341463414634146,0,0.0,0.625,1,1,0,0
204288,Ji Hee Choi,0.023809523809523808,0.023809523809523808,0.4444444444444444,1.0,0.3333333333333333,0,1,0,0,0
202493,Ekaterine Gorgodze,0.0,0.0,0.5423728813559322,0,0.5833333333333334,0.6363636363636364,1,1,0,0
203456,Jelena Simic,0.017543859649122806,0.08771929824561403,0.5151515151515151,0,0.5,0.25,1,0,0,0
203509,Diana Marcinkevica,0.043478260869565216,0.043478260869565216,0.55,0.875,0.2857142857142857,0.5,1,0,0,0
213721,Ines Murta,0.020833333333333332,0.0625,0.34375,1.0,0.45454545454545453,0.33333333333333337,1,0,0,0
216118,Maria Lota Kaul,0.013888888888888888,0.09722222222222222,0.625,0.75,0.4,0.4444444444444444,1,0,0,0
214176,Valeria Gorlats,0.02197802197802198,0.054945054945054944,0.6041666666666666,0.6428571428571429,0.625,0.2857142857142857,1,0,0,0
214465,Maya Tahan,0.0,0.0,0.25,0,0.16666666666666666,0.0,1,0,0,0
216119,Maileen Nuudi,0.01694915254237288,0.06779661016949153,0.5357142857142857,0.6666666666666666,0.375,0.09090909090909094,1,0,0,0
204384,Agnes Bukta,0.019230769230769232,0.057692307692307696,0.6486486486486487,0.9,0.75,0.625,1,1,0,0
215144,Daniela Vismane,0.0,0.034482758620689655,0.5277777777777778,0.8888888888888888,0.375,0.25,1,0,0,0
211002,Yusleydis Smith Dias,0.027777777777777776,0.041666666666666664,0.625,0,0.5,0.5833333333333333,1,0,0,1
221814,Luisa Uscocovich,0.0,0.10714285714285714,0.5454545454545454,0,0.4166666666666667,0.5,1,0,0,0
214713,Camila Romero,0.0,0.0625,1.0,1.0,0,0.6666666666666667,1,0,0,1
221815,Isid Hernandez,0.0,0.1590909090909091,0.45454545454545453,0,0.3333333333333333,0,1,0,0,0
215787,Florencia Rossi,0.0,0.038461538461538464,0.5818181818181818,1.0,0.42857142857142855,0.6666666666666667,1,0,0,1
214841,Mikaela Molina Bugarija,0.03125,0.078125,0.4666666666666667,0.7692307692307693,0.3333333333333333,0.5714285714285714,1,0,0,0
221807,Fernanda Secinaro,0.018518518518518517,0.037037037037037035,0.34210526315789475,0,0.0,1.0,1,0,0,0
221816,Guillermina Grant,0.01098901098901099,0.04395604395604396,0.4426229508196721,0,0.5263157894736842,0.5,1,0,0,0
219310,Kelly Williford,0.0,0.0,0.75,0.7,0.6666666666666666,0.4,1,0,0,1
221817,Kayla Frost,0.0,0.3148148148148148,0.6086956521739131,1.0,0.6,0.33333333333333337,1,0,0,0
212282,Michelle Marie Valdez,0.038461538461538464,0.057692307692307696,0.6842105263157895,1.0,0.6666666666666666,0.5,1,0,0,1
216487,Cherise Slocombe,0.023255813953488372,0.06976744186046512,0.48148148148148145,0,0.5,0.33333333333333337,1,0,0,0
205462,Melisa Morales,0.044444444444444446,0.08888888888888889,0.8076923076923077,0.6363636363636364,1.0,0.5555555555555556,1,0,0,1
208531,Kirsten Andrea Weedon,0.022222222222222223,0.044444444444444446,0.7037037037037037,0.6,1.0,0.6,1,0,0,1
214637,Kiana Marshall,0.0,0.1111111111111111,0.38461538461538464,0,0.4,0.0,1,0,0,0
211246,Daniela Schippers,0.01694915254237288,0.05084745762711865,0.5714285714285714,0.5,0.9166666666666666,0.75,1,0,0,1
212308,Karla Portalatin,0.043478260869565216,0.13043478260869565,0.5454545454545454,0.875,0.25,0.08333333333333337,1,0,0,0
212281,Monica Matias,0.011494252873563218,0.06896551724137931,0.574468085106383,0.6842105263157895,0.4,0.4545454545454546,1,0,0,1
221232,Natalie Gabriela Espinal Sanchez,0.0,0.03409090909090909,0.5692307692307692,0,0.5454545454545454,0.6,1,0,0,0
215788,Alejandra Obando,0.029411764705882353,0.11764705882352941,0.3333333333333333,0,0.14285714285714285,0,1,0,0,0
212272,Breana Stampfli,0.0,0.07547169811320754,0.3939393939393939,0,0.1111111111111111,0.5,1,0,0,0
212165,Anneliese Rose,0.0,0.0967741935483871,0.23809523809523808,0,0.25,0,1,0,0,0
215165,Daniela Obando,0.0,0.03409090909090909,0.5405405405405406,0,0.5384615384615384,0.5833333333333333,1,0,0,0
212260,Rosaline Zafir Chavez Tello,0.0,0.20987654320987653,0.6,0,0.2727272727272727,0.6666666666666667,1,0,0,1
221818,Sydney Clarke,0.0,0.05,0.45901639344262296,0,0.3333333333333333,0.7272727272727273,1,0,0,0
214613,Iesha Shepherd,0.029411764705882353,0.029411764705882353,0.8,0.4375,0,0.7142857142857143,1,0,0,1
221819,Karen Esther Contreras,0.029411764705882353,0.17647058823529413,0.35294117647058826,0,0.2857142857142857,0,1,0,0,0
214641,Ariana Rahmanparast,0.0,0.07936507936507936,0.631578947368421,0.5833333333333334,0.9,0.75,1,0,0,1
221805,Eugenia Camacho,0.0,0.1,0.603448275862069,0,0.3333333333333333,0.6363636363636364,1,0,0,1
221820,Aranza Lailu Benitez Ellis,0.0,0.2,0.42857142857142855,0,0.2857142857142857,0,1,0,0,0
201683,Bianca Botto,0.1282051282051282,0.07692307692307693,0.7619047619047619,0.5454545454545454,1.0,0.5454545454545454,1,0,0,1
210947,Ferny Angeles Paz,0.06060606060606061,0.0,0.782608695652174,0.75,1.0,0.75,1,0,0,1
215784,Anastasia Iamachkine,0.011764705882352941,0.12941176470588237,0.6111111111111112,0.8571428571428571,0.5,0.41666666666666663,1,0,0,1
215375,Dominique Schaefer,0.11627906976744186,0.023255813953488372,0.8095238095238095,0.6153846153846154,0.0,0.8333333333333334,1,0,0,1
212233,Shenelle Mohammed,0.0,0.1388888888888889,0.4090909090909091,0,0.16666666666666666,0.0,1,0,0,0
220834,Tania Lea Aizenman Sanchez,0.03773584905660377,0.07547169811320754,0.5294117647058824,1.0,0.375,0.0,1,0,0,0
212805,Paige Mary Hourigan,0.0,0.06896551724137931,0.8571428571428571,0.5,0,0.5454545454545454,1,1,0,0
212314,Jahana Bayramova,0.0,0.17142857142857143,0.21428571428571427,0,0.45454545454545453,0,1,0,0,0
203562,Erin Routliffe,0.12121212121212122,0.09090909090909091,0.8,0.7777777777777778,0,0.6666666666666667,1,1,0,0
216471,Guljan Muhammetkuliyeva,0.0,0.36363636363636365,0.25,0,0.3333333333333333,0,1,0,0,0
211269,Eudice Wong Chong,0.10526315789473684,0.05263157894736842,0.8571428571428571,0.7777777777777778,0.6666666666666666,0.75,1,1,0,0
214632,Ghazal Pakbaten,0.0,0.03125,0.15,0,0.25,1.0,1,0,0,0
215277,Yasmin Mansouri,0.017241379310344827,0.29310344827586204,0.56,0,0.36363636363636365,0.5714285714285714,1,0,0,0
212318,Aslina Chua,0.024691358024691357,0.08641975308641975,0.6666666666666666,0.9230769230769231,0.2,0.4545454545454546,1,1,0,0
221106,Lynelle En Tong Lim,0.0,0.14285714285714285,0.625,0.8,0.5,0.15384615384615385,1,0,0,0
221824,Y kit Nicole Tan,0.0,0.18055555555555555,0.4,0.47058823529411764,0.625,0.6666666666666667,1,0,0,0
221823,Mahin Qureshi,0.0,0.02727272727272727,0.5084745762711864,0.6086956521739131,0.5555555555555556,0.4545454545454546,1,0,0,0
221826,Myrzaiym Sherikulova,0.024390243902439025,0.21951219512195122,0.47368421052631576,0,0.25,0.33333333333333337,1,0,0,0
210738,Aldila Sutjiadi,0.017857142857142856,0.05357142857142857,0.5294117647058824,0.6923076923076923,0.6666666666666666,0.875,1,1,0,0
212294,Thisuri Molligoda,0.017241379310344827,0.08620689655172414,0.48148148148148145,0.8,0.125,0.33333333333333337,1,0,0,0
219422,Takhmina Burkhanova,0.0,0.11538461538461539,0.4666666666666667,0,0.3,1.0,1,0,0,0
221828,Anastasiya Tursunova,0.0,0.2222222222222222,0.5625,0,0.46153846153846156,0.2857142857142857,1,0,0,0
221827,Aigerim Akzhol Kyzy,0.0,0.2682926829268293,0.5,0,0.2222222222222222,0.2857142857142857,1,0,0,0
212293,Roshenka Fernando,0.0,0.3055555555555556,0.47058823529411764,0,0.4444444444444444,0.0,1,0,0,0
221803,Carol Young Suh Lee,0.03773584905660377,0.07547169811320754,0.75,0.6666666666666666,0.6,0.5,1,1,0,0
214934,Astrid Wanja Brune Olsen,0.01904761904761905,0.047619047619047616,0.5555555555555556,0.8,0.4,0.33333333333333337,1,1,0,0
215219,Kaja Juvan,0.016666666666666666,0.041666666666666664,0.5411764705882353,1.0,0.6666666666666666,0.6,1,0,0,0
205918,Ulrikke Eikeri,0.0,0.0,0.3870967741935484,0,0.14285714285714285,0.4,1,0,0,0
214935,Malene Helgo,0.10810810810810811,0.02702702702702703,0.8421052631578947,0.5384615384615384,1.0,0.5,1,1,0,0
210629,Ilze Hattingh,0.05357142857142857,0.07142857142857142,0.42424242424242425,0.7777777777777778,0.5,0.0,1,0,0,0
202581,Chanel Simmonds,0.02040816326530612,0.02040816326530612,0.5,0,0.2857142857142857,0.5,1,0,0,0
206086,Mai El Kamash,0.0196078431372549,0.0392156862745098,0.6,0.8,0.3333333333333333,0.16666666666666663,1,0,0,0
206177,Joana Eidukonyte,0.018867924528301886,0.1320754716981132,0.5625,0,0.5,0.75,1,0,0,0
215016,Eleonora Molinaro,0.02531645569620253,0.05063291139240506,0.6721311475409836,0,0.5714285714285714,0.5,1,1,0,0
205909,Ola Abou Zekry,0.03508771929824561,0.07017543859649122,0.5405405405405406,0,0.2857142857142857,0.5,1,0,0,0
201380,Claudine Schaul,0.0,0.07352941176470588,0.5263157894736842,1.0,0.5833333333333334,0.4285714285714286,1,0,0,0
202662,Camilla Rosatello,0.0,0.030612244897959183,0.5384615384615384,0.5909090909090909,0.6842105263157895,0.6666666666666667,1,0,0,0
201606,Rebecca Marino,0.06779661016949153,0.03389830508474576,0.7,0.4444444444444444,1.0,0.6666666666666667,1,1,0,0
202916,Georgina Garcia Perez,0.15584415584415584,0.025974025974025976,0.8695652173913043,0.9285714285714286,0.8,0.36363636363636365,1,1,0,0
220367,Leylah Annie Fernandez,0.047619047619047616,0.031746031746031744,0.7575757575757576,0.6470588235294118,0.6666666666666666,0.33333333333333337,1,1,0,0
215371,Francesca Di Lorenzo,0.02,0.04,0.6071428571428571,0,0.16666666666666666,1.0,1,0,0,0
216146,Marta Kostyuk,0.047619047619047616,0.031746031746031744,0.5428571428571428,0.625,0.2,0.19999999999999996,1,0,0,0
211407,Dejana Radanovic,0.0,0.1,0.5,0.7,0.5833333333333334,0.33333333333333337,1,0,0,0
215696,Diae El Jardi,0.02040816326530612,0.14285714285714285,0.42857142857142855,0,0.2222222222222222,0.4285714285714286,1,0,0,0
216133,Xin Yu Wang,0.024390243902439025,0.14634146341463414,0.575,0.875,0.4166666666666667,0.75,1,0,0,0
216213,Sohyun Park,0.0,0.08333333333333333,0.34782608695652173,0.875,0.125,0.6666666666666667,1,0,0,0
213998,Ipek Oz,0.010101010101010102,0.030303030303030304,0.5645161290322581,0.8666666666666667,0.6470588235294118,0.19999999999999996,1,0,0,0
215314,En Shuo Liang,0.04918032786885246,0.06557377049180328,0.5925925925925926,0.42857142857142855,0.5,0.7142857142857143,1,1,0,0
215468,Momoko Kobori,0.0,0.023529411764705882,0.53125,0.9,0.6,0.5,1,0,0,0
214480,Miriam Bianca Bulgaru,0.0,0.12698412698412698,0.6,0.6666666666666666,0.5,0.5,1,0,0,0
213780,Andreea Amalia Rosca,0.0,0.10465116279069768,0.5161290322580645,0,0.2222222222222222,0.75,1,0,0,0
213602,Gabriella Taylor,0.008064516129032258,0.08870967741935484,0.6136363636363636,0,0.5294117647058824,0.47058823529411764,1,0,0,0
202443,Valeria Savinykh,0.0,0.02127659574468085,0.4375,0,0.5454545454545454,0.5,1,0,0,0
215259,Leonie Kung,0.09615384615384616,0.09615384615384616,0.5806451612903226,0,0.5555555555555556,0.33333333333333337,1,0,0,0
215910,Panna Udvardy,0.07407407407407407,0.12962962962962962,0.7037037037037037,0.8181818181818182,0.42857142857142855,1.0,1,0,0,0
206390,Isabelle Wallace,0.0,0.1,0.4666666666666667,0,0.5384615384615384,0,1,0,0,0
215992,Whitney Osuigwe,0.0,0.0392156862745098,0.5333333333333333,0,0.2857142857142857,0.4,1,0,0,0
211552,Harmony Tan,0.05172413793103448,0.0,0.6428571428571429,0.6153846153846154,0.6,0.0,1,0,0,0
205848,Nathaly Kurata,0.0,0.06896551724137931,0.5641025641025641,0,0.4,0.16666666666666663,1,0,0,0
214058,Juliana Valero,0.0,0.09259259259259259,0.4444444444444444,0,0.2222222222222222,0.5,1,0,0,0
206343,Stephanie Mariel Petit,0.047619047619047616,0.015873015873015872,0.7346938775510204,0,0.5,1.0,1,0,1,0
214679,Sunam Jeong,0.0,0.02040816326530612,0.4,0,0.45454545454545453,0.19999999999999996,1,0,0,0
211756,Patcharin Cheapchandej,0.012048192771084338,0.0963855421686747,0.5869565217391305,0,0.4,0.4444444444444444,1,0,0,0
216055,Francisca Jorge,0.014925373134328358,0.014925373134328358,0.5106382978723404,0.6428571428571429,0.5714285714285714,0.6666666666666667,1,1,0,0
220043,Katriin Saar,0.01818181818181818,0.05454545454545454,0.5,1.0,0.3333333333333333,0.4285714285714286,1,0,0,0
201646,Maria Joao Koehler,0.0,0.07317073170731707,0.44,0,0.14285714285714285,0,1,0,0,0
214521,Lea Boskovic,0.0,0.017543859649122806,0.5063291139240507,0.7,0.6875,0.4444444444444444,1,0,0,0
211967,Nina Potocnik,0.018518518518518517,0.037037037037037035,0.7027027027027027,0.6428571428571429,1.0,0.33333333333333337,1,1,0,0
214388,Anna Bondar,0.0,0.01818181818181818,0.6774193548387096,0.9,0.6666666666666666,0.0,1,0,0,0
211541,Jacqueline Cabaj Awad,0.0,0.0784313725490196,0.5769230769230769,0,0.2857142857142857,0.25,1,0,0,0
204390,Pia Konig,0.0,0.0,0.5,0,0.5,0.19999999999999996,1,0,0,0
201659,Melanie Klaffner,0.014705882352941176,0.014705882352941176,0.6170212765957447,0,0.3333333333333333,1.0,1,0,0,0
216347,Iga Swiatek,0.07692307692307693,0.038461538461538464,0.5333333333333333,0.47058823529411764,0.6666666666666666,0.5,1,1,0,0
214006,Petia Arshinkova,0.03389830508474576,0.03389830508474576,0.47368421052631576,0,0.5,0.33333333333333337,1,0,0,0
216117,Saara Orav,0.02247191011235955,0.06741573033707865,0.55,0,0.46153846153846156,0.6153846153846154,1,1,0,0
221831,Gabrielle Leslie,0.0,0.08333333333333333,0.55,0.4838709677419355,0.6470588235294118,0.4545454545454546,1,1,0,0
221809,Laura Lissette Quezada Martinez,0.0,0.042105263157894736,0.6231884057971014,0,0.5454545454545454,0.3529411764705882,1,0,0,0
205787,Francesca Segarelli,0.0392156862745098,0.17647058823529413,0.8181818181818182,0.6428571428571429,0.0,0.6,1,1,0,0
221832,Hannah Chambers,0.017543859649122806,0.12280701754385964,0.4583333333333333,0.5714285714285714,0.4,1.0,1,0,0,0
215019,Maria Jose Portillo Ramirez,0.10810810810810811,0.16216216216216217,0.95,0.75,1.0,0.6666666666666667,1,1,0,0
221833,Tangia Riley Codrington,0.0,0.23529411764705882,0.14285714285714285,0,0.3333333333333333,0.0,1,0,0,0
214782,Fernanda Contreras Gomez,0.0625,0.10416666666666667,0.7777777777777778,0.7272727272727273,0.6666666666666666,0.8333333333333334,1,1,0,0
221783,Isabella Tiscornia,0.0,0.034482758620689655,0.4444444444444444,0,0.4166666666666667,0.30000000000000004,1,0,0,0
221834,Dana Guzman,0.022222222222222223,0.0,0.6764705882352942,0,0.75,0.5454545454545454,1,1,0,0
221835,Yoryana Delgado Herrera,0.0,0.2222222222222222,0.4166666666666667,0,0.45454545454545453,0.25,1,0,0,0
221837,Sofia Perez,0.0,0.09375,0.47619047619047616,0,0.36363636363636365,0.5714285714285714,1,0,0,0
211122,Charlotte Roemer,0.021739130434782608,0.043478260869565216,0.6923076923076923,0.6153846153846154,0.6666666666666666,0.5555555555555556,1,0,1,0
221838,Danielle Andrea Thompson,0.023255813953488372,0.13953488372093023,0.8695652173913043,0.7777777777777778,0.6666666666666666,0.8571428571428572,1,0,1,0
221839,Shelby Madeiros,0.0,0.1935483870967742,0.6666666666666666,0,0.14285714285714285,0.33333333333333337,1,0,0,0
210920,Kerrie Cartwright,0.030303030303030304,0.030303030303030304,0.8260869565217391,1.0,1.0,0.5454545454545454,1,0,1,0
212178,Ashley Brooks,0.0,0.16216216216216217,0.4,0,0.45454545454545453,0.0,1,0,0,0
215672,Daniela Alejandra La Fuente Strassburger,0.0,0.05660377358490566,0.5862068965517241,0.8888888888888888,0.5,0.25,1,0,0,0
212232,Carlista Mohammed,0.0,0.0945945945945946,0.5454545454545454,0,0.5384615384615384,0.4444444444444444,1,0,0,0
206091,Yolande Leacock,0.029411764705882353,0.058823529411764705,0.59375,0.6,0.5555555555555556,0.23076923076923073,1,0,0,0
204355,Katherine Westbury,0.1,0.06666666666666667,0.8888888888888888,0.6666666666666666,0,0.6666666666666667,1,1,0,0
217751,Nancy Karaky,0.0,0.05263157894736842,0.2631578947368421,1.0,0.3333333333333333,0,1,0,0,0
215851,Hoda Habib,0.0,0.06382978723404255,0.3333333333333333,0.8571428571428571,0.3333333333333333,0,1,0,0,0
215950,Yasmina Karimjanova,0.025,0.0,0.7307692307692307,0.6363636363636364,1.0,0.5555555555555556,1,1,0,0
210951,Marian Jade Capadocia,0.0,0.06349206349206349,0.6904761904761905,1.0,0.75,0.5,1,1,0,0
215125,Saara Kunakunova,0.0,0.10638297872340426,0.43478260869565216,1.0,0.5,0.25,1,0,0,0
201652,Ksenia Palkina,0.07777777777777778,0.05555555555555555,0.65625,0,0.3333333333333333,0.5,1,1,0,0
221844,Shahrzad Banisaeid,0.0,0.13725490196078433,0.47058823529411764,0.5714285714285714,0.4444444444444444,1.0,1,0,0,0
220339,Suhana Sofia Mohd Adam Das,0.0392156862745098,0.13725490196078433,0.8695652173913043,0.6153846153846154,0.875,0.75,1,1,0,0
221845,Kimia Rahmani,0.0,0.10416666666666667,0.391304347826087,0.875,0.25,0.125,1,0,0,0
212278,Sarah Al Balushi,0.0,0.05660377358490566,0.4444444444444444,0,0.45454545454545453,0.33333333333333337,1,0,0,0
221847,Kimiya Asbaghipour,0.0,0.12903225806451613,0.42105263157894735,0,0.0,0,1,0,0,0
221846,Sara Azaddoost,0.0,0.125,0.46153846153846156,0,0.14285714285714285,0,1,0,0,0
221848,Maryam Al Balushi,0.0,0.058823529411764705,0.22727272727272727,0,0.0,0,1,0,0,0
221850,Maya Bseisu,0.0,0.11363636363636363,0.391304347826087,0,0.6,0.5,1,0,0,0
208567,Safa Safar,0.0,0.4444444444444444,0.16666666666666666,0,0.14285714285714285,0,1,0,0,0
221852,Anika Seneviratne,0.0,0.15217391304347827,0.5238095238095238,0,0.45454545454545453,0.16666666666666663,1,0,0,0
221854,Savini Jayasuriya,0.0,0.03333333333333333,0.6666666666666666,0.375,0,0.8571428571428572,1,1,0,0
221849,Aisha Al Suleimani,0.0,0.2,0.38461538461538464,0,0.375,0.0,1,0,0,0
221855,Yara Fayssal,0.015625,0.109375,0.3684210526315789,1.0,0.4666666666666667,0.5714285714285714,1,0,0,0
220704,Clara Tauson,0.038461538461538464,0.057692307692307696,0.7105263157894737,0,0.6666666666666666,0.6666666666666667,1,0,1,0
215196,Nicole Nadel,0.015384615384615385,0.09230769230769231,0.5581395348837209,0,0.5714285714285714,0.33333333333333337,1,0,0,0
202387,Vlada Ekshibarova,0.010309278350515464,0.041237113402061855,0.5344827586206896,1.0,0.5625,0.5714285714285714,1,0,0,0
215131,Nefisa Berberovic,0.031746031746031744,0.047619047619047616,0.5609756097560976,1.0,0.5,0.6,1,0,1,0
